experiment,geometry,target,feature,pearson_r,abs_r,p_value,significant,cv_r2_mean,cv_r2_std,coefficient,direction,n_samples
HP,base,Unlearning,local_density_mean,0.10924733884939772,0.10924733884939772,0.2792611653079656,False,-0.010814140234612113,0.025790371507089776,0.0653917250711077,positive,100
HP,base,Unlearning,local_density_std,0.11173656987710355,0.11173656987710355,0.2683857349790563,False,-0.00969887209318956,0.03177043785385814,0.2854477557180126,positive,100
HP,base,Unlearning,local_density_max,0.13683378374676095,0.13683378374676095,0.17461313216492327,False,-0.00666920543454419,0.024630221306001617,0.07215092996648308,positive,100
HP,base,Unlearning,local_density_min,0.0720103999210264,0.0720103999210264,0.47647989928954093,False,-0.017652307154822865,0.02512682717388301,0.04825844061671992,positive,100
HP,base,Unlearning,separability_mean,-0.09557240895964801,0.09557240895964801,0.3442119948112778,False,-0.009005942277556512,0.030762448551080793,-1.2068348960700894,negative,100
HP,base,Unlearning,separability_std,-0.17126179331097016,0.17126179331097016,0.08843756140846525,False,-0.08273430242663678,0.15352757560876715,-15.039766952497612,negative,100
HP,base,Unlearning,separability_max,-0.11031836629706643,0.11031836629706643,0.274546222046767,False,-0.008404675524137751,0.026703002895872612,-1.4503223963428884,negative,100
HP,base,Unlearning,separability_min,-0.03811549454620819,0.03811549454620819,0.7065454044322029,False,-0.020145735211979064,0.027639320322943018,-0.5003777556306145,negative,100
HP,base,Unlearning,centrality_mean,-0.14049943742518428,0.14049943742518428,0.16324014845977594,False,-0.0044672205449736825,0.02373543568080769,-0.9641159714696729,negative,100
HP,base,Unlearning,centrality_std,-0.03238835859983166,0.03238835859983166,0.7490475421321091,False,-0.039561863229611215,0.03965308166712868,-0.21421670037469664,negative,100
HP,base,Unlearning,centrality_max,-0.11548029308492343,0.11548029308492343,0.25257526819108167,False,-0.023064336517624406,0.026958387725037666,-0.29699070956648294,negative,100
HP,base,Unlearning,centrality_min,-0.04814300975956815,0.04814300975956815,0.6343214029342347,False,-0.019113070001581224,0.03266570540795751,-0.10429302554231862,negative,100
HP,base,Unlearning,isolation_mean,,,,False,-0.019303737919414178,0.02787745566763505,0.0,negative,100
HP,base,Unlearning,isolation_std,,,,False,-0.019303737919414178,0.02787745566763505,0.0,negative,100
HP,base,Unlearning,isolation_max,,,,False,-0.019303737919414178,0.02787745566763505,0.0,negative,100
HP,base,Unlearning,isolation_min,,,,False,-0.019303737919414178,0.02787745566763505,0.0,negative,100
HP,base,Unlearning,cluster_compactness_mean,,,,False,-0.019303737919414178,0.02787745566763505,0.0,negative,100
HP,base,Unlearning,cluster_compactness_std,,,,False,-0.019303737919414178,0.02787745566763505,-124.79999999999997,negative,100
HP,base,Unlearning,cluster_compactness_max,,,,False,-0.01930373791941431,0.027877455667635224,-5.95,negative,100
HP,base,Unlearning,cluster_compactness_min,,,,False,-0.019303737919414178,0.0278774556676352,11.9,positive,100
HP,base,Unlearning,cross_layer_consistency_mean,-0.05860891505891701,0.05860891505891701,0.5624415465613495,False,-0.019095919479837485,0.03323138143898469,-0.3700189043407636,negative,100
HP,base,Unlearning,cross_layer_consistency_std,-0.1202253770644857,0.1202253770644857,0.23347082477257847,False,-0.01498338642300725,0.0201463394096159,-41.70031533621556,negative,100
HP,base,Unlearning,cross_layer_consistency_max,-0.05860891505891701,0.05860891505891701,0.5624415465613495,False,-0.019095919479837485,0.03323138143898469,-0.3700189043407636,negative,100
HP,base,Unlearning,cross_layer_consistency_min,-0.05860891505891701,0.05860891505891701,0.5624415465613495,False,-0.019095919479837485,0.03323138143898469,-0.3700189043407636,negative,100
HP,base,Extraction,local_density_mean,-0.10417566658403003,0.10417566658403003,0.302320994633494,False,-15.292664703858472,22.34007830412342,-0.06067055010975483,negative,100
HP,base,Extraction,local_density_std,-0.09942107249968296,0.09942107249968296,0.32504078599482855,False,-13.718682775978161,18.416456706702345,-0.24712088950633576,negative,100
HP,base,Extraction,local_density_max,-0.12675361613963498,0.12675361613963498,0.20887109707396015,False,-15.201913925237003,22.210510288681398,-0.06502923905332351,negative,100
HP,base,Extraction,local_density_min,-0.06920123298116734,0.06920123298116734,0.49389130447998913,False,-14.719502857232737,23.39572959005805,-0.04512233973749762,negative,100
HP,base,Extraction,separability_mean,0.11711916802601827,0.11711916802601827,0.24585926092927213,False,-17.69814563352945,24.70394773062398,1.4389411167124546,positive,100
HP,base,Extraction,separability_std,0.15409769437658175,0.15409769437658175,0.12582827670256322,False,-26.42795228440002,44.94180681830973,13.16668596262359,positive,100
HP,base,Extraction,separability_max,0.12931725089743332,0.12931725089743332,0.19973535688879723,False,-19.68720274810153,28.623172977269615,1.6541424706250372,positive,100
HP,base,Extraction,separability_min,0.062348527419576284,0.062348527419576284,0.5377318363010902,False,-14.473709179152326,21.378934830551007,0.7963836832497826,positive,100
HP,base,Extraction,centrality_mean,0.14883057754784998,0.14883057754784998,0.13945110861911367,False,-18.150398504691957,24.95246650331151,0.99368006298255,positive,100
HP,base,Extraction,centrality_std,0.014778100620832001,0.014778100620832001,0.883975870283274,False,-14.693242465284206,21.629834144931795,0.09510048302409482,positive,100
HP,base,Extraction,centrality_max,0.11188054046174437,0.11188054046174437,0.2677656150824787,False,-16.716552252135433,24.655076802572314,0.2799556645340451,positive,100
HP,base,Extraction,centrality_min,0.06247807013751202,0.06247807013751202,0.5368855931103719,False,-15.164796006741923,20.946412534703484,0.13168895528753227,positive,100
HP,base,Extraction,isolation_mean,,,,False,-14.439411965971019,21.237576704627894,0.0,negative,100
HP,base,Extraction,isolation_std,,,,False,-14.439411965971019,21.237576704627894,0.0,negative,100
HP,base,Extraction,isolation_max,,,,False,-14.439411965971019,21.237576704627894,0.0,negative,100
HP,base,Extraction,isolation_min,,,,False,-14.439411965971019,21.237576704627894,0.0,negative,100
HP,base,Extraction,cluster_compactness_mean,,,,False,-14.439411965971019,21.237576704627894,0.0,negative,100
HP,base,Extraction,cluster_compactness_std,,,,False,-14.439411965971019,21.237576704627894,22.93333333333333,positive,100
HP,base,Extraction,cluster_compactness_max,,,,False,-14.43941196597103,21.237576704627916,1.125,positive,100
HP,base,Extraction,cluster_compactness_min,,,,False,-14.439411965971033,21.237576704627916,-2.25,negative,100
HP,base,Extraction,cross_layer_consistency_mean,0.07761977519755744,0.07761977519755744,0.4427259927264108,False,-16.392247947068242,23.534886114897756,0.47679569833908014,positive,100
HP,base,Extraction,cross_layer_consistency_std,0.12008216975394272,0.12008216975394272,0.23403221220180706,False,-14.103280669834987,17.56850970172711,40.52485176361737,positive,100
HP,base,Extraction,cross_layer_consistency_max,0.07761977519755744,0.07761977519755744,0.4427259927264108,False,-16.392247947068242,23.534886114897756,0.47679569833908014,positive,100
HP,base,Extraction,cross_layer_consistency_min,0.07761977519755744,0.07761977519755744,0.4427259927264108,False,-16.392247947068242,23.534886114897756,0.47679569833908014,positive,100
HP,unlearned,Unlearning,local_density_mean,0.06108170618907093,0.06108170618907093,0.5460419954567226,False,-0.01776440833434645,0.026048809607448885,0.039768848212828195,positive,100
HP,unlearned,Unlearning,local_density_std,0.05197922860502984,0.05197922860502984,0.6075284473512526,False,-0.020622436764918685,0.030902182385487337,0.1480277293196334,positive,100
HP,unlearned,Unlearning,local_density_max,0.06355141951035127,0.06355141951035127,0.5298993571982408,False,-0.01996238938982846,0.02477138057284877,0.03539910106484553,positive,100
HP,unlearned,Unlearning,local_density_min,0.03974539708581938,0.03974539708581938,0.6946059369999608,False,-0.020752818708946342,0.025961776083033142,0.028361399333428294,positive,100
HP,unlearned,Unlearning,separability_mean,-0.12576613951577206,0.12576613951577206,0.2124683896528806,False,-0.0017492974170940645,0.03526692971112933,-1.4954561141540965,negative,100
HP,unlearned,Unlearning,separability_std,-0.243031631452697,0.243031631452697,0.014833922786195611,True,-0.04504859449747116,0.11987007477361471,-21.74827009594218,negative,100
HP,unlearned,Unlearning,separability_max,-0.13350357238716223,0.13350357238716223,0.1854408914280227,False,-0.0015706729950383247,0.03243926904202579,-1.747639846976767,negative,100
HP,unlearned,Unlearning,separability_min,-0.032219604986604505,0.032219604986604505,0.7503120833066207,False,-0.021193929441841064,0.027542468493792757,-0.4006678964018518,negative,100
HP,unlearned,Unlearning,centrality_mean,-0.035351177504671885,0.035351177504671885,0.7269568609051356,False,-0.021612231236904412,0.02976361565409747,-0.13015493958075844,negative,100
HP,unlearned,Unlearning,centrality_std,0.12555389295074532,0.12555389295074532,0.21324730407102183,False,-0.008106286046676913,0.04300630100825873,0.733515941596697,positive,100
HP,unlearned,Unlearning,centrality_max,0.08614032923603922,0.08614032923603922,0.3941259782124325,False,-0.020573909590351037,0.02677676937311242,0.21843834879072913,positive,100
HP,unlearned,Unlearning,centrality_min,-0.1351179996557888,0.1351179996557888,0.18013226291522336,False,-0.0037169922120331433,0.041330031021145706,-0.20853673287230778,negative,100
HP,unlearned,Unlearning,isolation_mean,,,,False,-0.019303737919414178,0.02787745566763505,0.0,negative,100
HP,unlearned,Unlearning,isolation_std,,,,False,-0.019303737919414178,0.02787745566763505,0.0,negative,100
HP,unlearned,Unlearning,isolation_max,,,,False,-0.019303737919414178,0.02787745566763505,0.0,negative,100
HP,unlearned,Unlearning,isolation_min,,,,False,-0.019303737919414178,0.02787745566763505,0.0,negative,100
HP,unlearned,Unlearning,cluster_compactness_mean,,,,False,-0.019303737919414265,0.02787745566763514,-5.95,negative,100
HP,unlearned,Unlearning,cluster_compactness_std,,,,False,-0.019303737919414178,0.02787745566763505,0.0,negative,100
HP,unlearned,Unlearning,cluster_compactness_max,,,,False,-0.019303737919414178,0.02787745566763505,-11.9,negative,100
HP,unlearned,Unlearning,cluster_compactness_min,,,,False,-0.019303737919414178,0.02787745566763505,-11.9,negative,100
HP,unlearned,Unlearning,cross_layer_consistency_mean,-0.015383976721292502,0.015383976721292502,0.8792542975410197,False,-0.024917143943117104,0.029230648499075532,-0.18203811329484046,negative,100
HP,unlearned,Unlearning,cross_layer_consistency_std,-0.07360499164929922,0.07360499164929922,0.466745838689244,False,-0.022911071452541544,0.03766529115137126,-25.009672914453276,negative,100
HP,unlearned,Unlearning,cross_layer_consistency_max,-0.015383976721292502,0.015383976721292502,0.8792542975410197,False,-0.024917143943117104,0.029230648499075532,-0.18203811329484046,negative,100
HP,unlearned,Unlearning,cross_layer_consistency_min,-0.015383976721292502,0.015383976721292502,0.8792542975410197,False,-0.024917143943117104,0.029230648499075532,-0.18203811329484046,negative,100
HP,unlearned,Extraction,local_density_mean,-0.0614901864250092,0.0614901864250092,0.5433555917727054,False,-13.574609076487624,20.87263248424315,-0.03895268333442438,negative,100
HP,unlearned,Extraction,local_density_std,-0.04272147495888562,0.04272147495888562,0.6729984686291175,False,-13.580546538648207,19.650528412796156,-0.11837478483581572,negative,100
HP,unlearned,Extraction,local_density_max,-0.05479108996320962,0.05479108996320962,0.5882117326972134,False,-13.468949998765192,20.40185173221287,-0.029694542262080365,negative,100
HP,unlearned,Extraction,local_density_min,-0.0384167546400526,0.0384167546400526,0.7043331279303284,False,-15.033570630282771,21.915494757962943,-0.02667234534100366,negative,100
HP,unlearned,Extraction,separability_mean,0.1341271948407038,0.1341271948407038,0.1833769260325612,False,-19.20398017844875,27.544134885614678,1.5517669626577526,positive,100
HP,unlearned,Extraction,separability_std,0.2673752836140174,0.2673752836140174,0.007160525957345126,True,-35.140810227216086,60.49662977063153,23.279995445816034,positive,100
HP,unlearned,Extraction,separability_max,0.1509459425419429,0.1509459425419429,0.133851481006006,False,-21.49767345690882,31.56496657952905,1.9225613706073492,positive,100
HP,unlearned,Extraction,separability_min,0.04145898730077533,0.04145898730077533,0.682133426511577,False,-14.507110028915156,21.716221394537982,0.5016291213903363,positive,100
HP,unlearned,Extraction,centrality_mean,0.03507725856098624,0.03507725856098624,0.7289901590816618,False,-13.86651971235655,20.42121552965723,0.1256556820570867,positive,100
HP,unlearned,Extraction,centrality_std,-0.13852653545160346,0.13852653545160346,0.1692909020993064,False,-21.342015698147424,32.00929650030777,-0.7874301935335414,negative,100
HP,unlearned,Extraction,centrality_max,-0.09058847064035346,0.09058847064035346,0.3700710653307434,False,-19.23820503591125,25.418507960176317,-0.2235089933093041,negative,100
HP,unlearned,Extraction,centrality_min,0.15198495789984984,0.15198495789984984,0.1311645859287907,False,-21.309743574349447,33.52707572158321,0.22822839845500184,positive,100
HP,unlearned,Extraction,isolation_mean,,,,False,-14.439411965971019,21.237576704627894,0.0,negative,100
HP,unlearned,Extraction,isolation_std,,,,False,-14.439411965971019,21.237576704627894,0.0,negative,100
HP,unlearned,Extraction,isolation_max,,,,False,-14.439411965971019,21.237576704627894,0.0,negative,100
HP,unlearned,Extraction,isolation_min,,,,False,-14.439411965971019,21.237576704627894,0.0,negative,100
HP,unlearned,Extraction,cluster_compactness_mean,,,,False,-14.439411965971036,21.237576704627926,1.125,positive,100
HP,unlearned,Extraction,cluster_compactness_std,,,,False,-14.439411965971019,21.237576704627894,0.0,negative,100
HP,unlearned,Extraction,cluster_compactness_max,,,,False,-14.439411965971019,21.237576704627894,2.25,positive,100
HP,unlearned,Extraction,cluster_compactness_min,,,,False,-14.439411965971019,21.237576704627894,2.25,positive,100
HP,unlearned,Extraction,cross_layer_consistency_mean,0.00716021768105977,0.00716021768105977,0.9436342474107972,False,-14.595957757107584,21.50755865297598,0.08243652082726353,positive,100
HP,unlearned,Extraction,cross_layer_consistency_std,0.10432617116338151,0.10432617116338151,0.3016192264228952,False,-13.166699995973321,19.87837700617698,34.49004254103619,positive,100
HP,unlearned,Extraction,cross_layer_consistency_max,0.00716021768105977,0.00716021768105977,0.9436342474107972,False,-14.595957757107584,21.50755865297598,0.08243652082726353,positive,100
HP,unlearned,Extraction,cross_layer_consistency_min,0.00716021768105977,0.00716021768105977,0.9436342474107972,False,-14.595957757107584,21.50755865297598,0.08243652082726353,positive,100
TOFU_grad_diff,base,Unlearning,local_density_mean,-0.02831481310867017,0.02831481310867017,0.779750395738776,False,-0.06972083669062652,0.06817750031723063,-0.028223518444268358,negative,100
TOFU_grad_diff,base,Unlearning,local_density_std,-0.023571331961353043,0.023571331961353043,0.8159305736089166,False,-0.07789197184639289,0.08715885479884541,-0.06287958326586982,negative,100
TOFU_grad_diff,base,Unlearning,local_density_max,0.02510826045039104,0.02510826045039104,0.8041615194095187,False,-0.06449815846799863,0.06401606307914734,0.015976531745782455,positive,100
TOFU_grad_diff,base,Unlearning,local_density_min,0.012056589436845287,0.012056589436845287,0.9052322613015759,False,-0.07030825997604259,0.0630174463648465,0.01578662863208607,positive,100
TOFU_grad_diff,base,Unlearning,separability_mean,0.4035075443034692,0.4035075443034692,3.1440622833074155e-05,True,0.09078155490019171,0.14107251725721992,21.916201376765542,positive,100
TOFU_grad_diff,base,Unlearning,separability_std,0.08471294637547125,0.08471294637547125,0.4020381868367573,False,-0.06282068054213645,0.084634089169137,17.433257264797096,positive,100
TOFU_grad_diff,base,Unlearning,separability_max,0.3612967057018532,0.3612967057018532,0.00022152879438292914,True,0.06354270823968015,0.13776435467758225,17.136650349583597,positive,100
TOFU_grad_diff,base,Unlearning,separability_min,0.40072275790942496,0.40072275790942496,3.606200007874289e-05,True,0.05809392169114149,0.19328951628649815,22.55645026272508,positive,100
TOFU_grad_diff,base,Unlearning,centrality_mean,0.18732004918156786,0.18732004918156786,0.062012682958091835,False,-0.05918611451555163,0.07684280724990347,0.7931230498248665,positive,100
TOFU_grad_diff,base,Unlearning,centrality_std,-0.44482201222835765,0.44482201222835765,3.5398665976371607e-06,True,0.11847022049552129,0.2392805828407304,-3.076213356847356,negative,100
TOFU_grad_diff,base,Unlearning,centrality_max,-0.03741847976352434,0.03741847976352434,0.7116732090481495,False,-0.06275754680939478,0.07427972479982624,-0.08363173041430401,negative,100
TOFU_grad_diff,base,Unlearning,centrality_min,0.4711236951071984,0.4711236951071984,7.53613820058045e-07,True,0.10279697635337579,0.27983264409752107,0.963892196844051,positive,100
TOFU_grad_diff,base,Unlearning,isolation_mean,,,,False,-0.05984252798392613,0.06768410759892717,0.0,negative,100
TOFU_grad_diff,base,Unlearning,isolation_std,,,,False,-0.05984252798392613,0.06768410759892717,0.0,negative,100
TOFU_grad_diff,base,Unlearning,isolation_max,,,,False,-0.05984252798392613,0.06768410759892717,0.0,negative,100
TOFU_grad_diff,base,Unlearning,isolation_min,,,,False,-0.05984252798392613,0.06768410759892717,0.0,negative,100
TOFU_grad_diff,base,Unlearning,cluster_compactness_mean,,,,False,-0.05984252798392613,0.06768410759892717,0.0,negative,100
TOFU_grad_diff,base,Unlearning,cluster_compactness_std,,,,False,-0.05984252798392644,0.06768410759892765,-128.0,negative,100
TOFU_grad_diff,base,Unlearning,cluster_compactness_max,,,,False,-0.0598425279839264,0.0676841075989276,-8.0,negative,100
TOFU_grad_diff,base,Unlearning,cluster_compactness_min,,,,False,-0.0598425279839264,0.0676841075989276,8.0,positive,100
TOFU_grad_diff,base,Unlearning,cross_layer_consistency_mean,0.26460684460828704,0.26460684460828704,0.007804849181803817,True,-0.03889781946003699,0.20316729072932352,3.486920147054902,positive,100
TOFU_grad_diff,base,Unlearning,cross_layer_consistency_std,0.052905370745033445,0.052905370745033445,0.6011353421623585,False,-0.10695861467295806,0.06633517606522059,35.94262082276137,positive,100
TOFU_grad_diff,base,Unlearning,cross_layer_consistency_max,0.26460684460828704,0.26460684460828704,0.007804849181803817,True,-0.03889781946003699,0.20316729072932352,3.486920147054902,positive,100
TOFU_grad_diff,base,Unlearning,cross_layer_consistency_min,0.26460684460828704,0.26460684460828704,0.007804849181803817,True,-0.03889781946003699,0.20316729072932352,3.486920147054902,positive,100
TOFU_grad_diff,base,Extraction,local_density_mean,0.014594027731167811,0.014594027731167811,0.8854111561472502,False,-0.07102295363614468,0.03894941462995712,0.013993273275525703,positive,100
TOFU_grad_diff,base,Extraction,local_density_std,0.028322399641653215,0.028322399641653215,0.7796928829474719,False,-0.07929900507012384,0.046879407607393835,0.07267788350934803,positive,100
TOFU_grad_diff,base,Extraction,local_density_max,-0.03973506355134224,0.03973506355134224,0.694681402088459,False,-0.06969934984768615,0.041230331600387,-0.024321283383924863,negative,100
TOFU_grad_diff,base,Extraction,local_density_min,-0.027690068231572437,0.027690068231572437,0.7844905739329894,False,-0.07086979802861623,0.04916217512402338,-0.03487672048685167,negative,100
TOFU_grad_diff,base,Extraction,separability_mean,-0.42026368011422544,0.42026368011422544,1.3419566863500231e-05,True,0.13255737145253976,0.1061884718243717,-21.95746386788454,negative,100
TOFU_grad_diff,base,Extraction,separability_std,-0.07362899493954411,0.07362899493954411,0.46660014728553756,False,-0.05981080689407916,0.046651912234178416,-14.575528758759722,negative,100
TOFU_grad_diff,base,Extraction,separability_max,-0.37647866952215525,0.37647866952215525,0.00011315675272020135,True,0.0731178111050463,0.10474683825845299,-17.177066750017033,negative,100
TOFU_grad_diff,base,Extraction,separability_min,-0.40814767527123486,0.40814767527123486,2.494982795537575e-05,True,0.11551283945614377,0.1718931279166993,-22.099923436424817,negative,100
TOFU_grad_diff,base,Extraction,centrality_mean,-0.25082293811242296,0.25082293811242296,0.011833556514647915,True,-0.0072274358369696975,0.08730511199610798,-1.0215749936295864,negative,100
TOFU_grad_diff,base,Extraction,centrality_std,0.3789300199962659,0.3789300199962659,0.00010120688406241334,True,0.0800378496759333,0.17244300770172719,2.520785489847353,positive,100
TOFU_grad_diff,base,Extraction,centrality_max,-0.03164221945542697,0.03164221945542697,0.754643653794312,False,-0.0633250456023959,0.04091141461799649,-0.06802970323075999,negative,100
TOFU_grad_diff,base,Extraction,centrality_min,-0.4600938055161158,0.4600938055161158,1.4645879305827203e-06,True,0.1608729789540037,0.23073945338843158,-0.9054961277102819,negative,100
TOFU_grad_diff,base,Extraction,isolation_mean,,,,False,-0.05807341100386796,0.03656670337261581,0.0,negative,100
TOFU_grad_diff,base,Extraction,isolation_std,,,,False,-0.05807341100386796,0.03656670337261581,0.0,negative,100
TOFU_grad_diff,base,Extraction,isolation_max,,,,False,-0.05807341100386796,0.03656670337261581,0.0,negative,100
TOFU_grad_diff,base,Extraction,isolation_min,,,,False,-0.05807341100386796,0.03656670337261581,0.0,negative,100
TOFU_grad_diff,base,Extraction,cluster_compactness_mean,,,,False,-0.05807341100386796,0.03656670337261581,0.0,negative,100
TOFU_grad_diff,base,Extraction,cluster_compactness_std,,,,False,-0.05807341100386787,0.03656670337261567,-115.2,negative,100
TOFU_grad_diff,base,Extraction,cluster_compactness_max,,,,False,-0.05807341100386787,0.03656670337261567,-7.2,negative,100
TOFU_grad_diff,base,Extraction,cluster_compactness_min,,,,False,-0.058073411003868,0.03656670337261587,7.2,positive,100
TOFU_grad_diff,base,Extraction,cross_layer_consistency_mean,-0.27156633870576,0.27156633870576,0.006274448119656173,True,-0.028912400660635808,0.20681302036216445,-3.442417646649856,negative,100
TOFU_grad_diff,base,Extraction,cross_layer_consistency_std,-0.08206851152221621,0.08206851152221621,0.41694219969478524,False,-0.10001216215181911,0.06482457382493194,-53.63314078513655,negative,100
TOFU_grad_diff,base,Extraction,cross_layer_consistency_max,-0.27156633870576,0.27156633870576,0.006274448119656173,True,-0.028912400660635808,0.20681302036216445,-3.442417646649856,negative,100
TOFU_grad_diff,base,Extraction,cross_layer_consistency_min,-0.27156633870576,0.27156633870576,0.006274448119656173,True,-0.028912400660635808,0.20681302036216445,-3.442417646649856,negative,100
TOFU_grad_diff,unlearned,Unlearning,local_density_mean,-0.17244958483855233,0.17244958483855233,0.08621815103716467,False,-0.04846707641056154,0.10595889263247345,-0.1895818151794386,negative,100
TOFU_grad_diff,unlearned,Unlearning,local_density_std,0.09632712526545589,0.09632712526545589,0.3403976235270824,False,-0.052758351144331674,0.07620368034998228,0.23062703850978544,positive,100
TOFU_grad_diff,unlearned,Unlearning,local_density_max,-0.006105072817786954,0.006105072817786954,0.951929665977424,False,-0.062448097623390805,0.0672541554327581,-0.003267472640198592,negative,100
TOFU_grad_diff,unlearned,Unlearning,local_density_min,-0.3047172689839251,0.3047172689839251,0.002052559919256197,True,-0.018874216369385754,0.19687400835061514,-0.4840435863284582,negative,100
TOFU_grad_diff,unlearned,Unlearning,separability_mean,0.3846494413397079,0.3846494413397079,7.773491434344186e-05,True,0.10884947086255617,0.1344253707197005,17.729427579157782,positive,100
TOFU_grad_diff,unlearned,Unlearning,separability_std,-0.1324429206737119,0.1324429206737119,0.18899002837196544,False,-0.045994389517601084,0.08830181000569741,-24.278499620167036,negative,100
TOFU_grad_diff,unlearned,Unlearning,separability_max,0.22947077072296082,0.22947077072296082,0.021641933859327,True,-0.008070864568113744,0.10906504272126889,8.133329418666241,positive,100
TOFU_grad_diff,unlearned,Unlearning,separability_min,0.39923790843518564,0.39923790843518564,3.8778444919325876e-05,True,0.10522359796952219,0.18601729786264143,18.492637847664636,positive,100
TOFU_grad_diff,unlearned,Unlearning,centrality_mean,0.01309811753759961,0.01309811753759961,0.8970886609517335,False,-0.06427578903100946,0.06825070045716018,0.08464147831802346,positive,100
TOFU_grad_diff,unlearned,Unlearning,centrality_std,-0.24041626833996094,0.24041626833996094,0.01597931245009204,True,0.012448259439530606,0.07398806713069254,-1.8424721421816088,negative,100
TOFU_grad_diff,unlearned,Unlearning,centrality_max,-0.1142577120901065,0.1142577120901065,0.25766658703799633,False,-0.03914489281696139,0.05119071034236624,-0.2983488928724439,negative,100
TOFU_grad_diff,unlearned,Unlearning,centrality_min,0.1205041092952975,0.1205041092952975,0.23238086260387344,False,-0.05029927267062621,0.07127502393769264,0.3475933868870937,positive,100
TOFU_grad_diff,unlearned,Unlearning,isolation_mean,,,,False,-0.05984252798392613,0.06768410759892717,0.0,negative,100
TOFU_grad_diff,unlearned,Unlearning,isolation_std,,,,False,-0.05984252798392613,0.06768410759892717,0.0,negative,100
TOFU_grad_diff,unlearned,Unlearning,isolation_max,,,,False,-0.05984252798392613,0.06768410759892717,0.0,negative,100
TOFU_grad_diff,unlearned,Unlearning,isolation_min,,,,False,-0.05984252798392613,0.06768410759892717,0.0,negative,100
TOFU_grad_diff,unlearned,Unlearning,cluster_compactness_mean,,,,False,-0.0598425279839264,0.0676841075989276,0.0,negative,100
TOFU_grad_diff,unlearned,Unlearning,cluster_compactness_std,,,,False,-0.05984252798392613,0.06768410759892717,29.86666666666666,positive,100
TOFU_grad_diff,unlearned,Unlearning,cluster_compactness_max,,,,False,-0.05984252798392613,0.06768410759892717,0.0,negative,100
TOFU_grad_diff,unlearned,Unlearning,cluster_compactness_min,,,,False,-0.059842527983926086,0.0676841075989272,16.0,positive,100
TOFU_grad_diff,unlearned,Unlearning,cross_layer_consistency_mean,0.029341918460730042,0.029341918460730042,0.7719749261344647,False,-0.09060442758281413,0.0643961163379833,0.3709767341191385,positive,100
TOFU_grad_diff,unlearned,Unlearning,cross_layer_consistency_std,-0.10529491288524459,0.10529491288524459,0.2971277802204496,False,-0.07285850223368055,0.10545251557928718,-88.77907273659281,negative,100
TOFU_grad_diff,unlearned,Unlearning,cross_layer_consistency_max,0.029341918460730042,0.029341918460730042,0.7719749261344647,False,-0.09060442758281413,0.0643961163379833,0.3709767341191385,positive,100
TOFU_grad_diff,unlearned,Unlearning,cross_layer_consistency_min,0.029341918460730042,0.029341918460730042,0.7719749261344647,False,-0.09060442758281413,0.0643961163379833,0.3709767341191385,positive,100
TOFU_grad_diff,unlearned,Extraction,local_density_mean,0.16147037132016967,0.16147037132016967,0.10850399582968422,False,-0.04683591114085901,0.07707966117399483,0.17075524884998278,positive,100
TOFU_grad_diff,unlearned,Extraction,local_density_std,-0.08877034768890407,0.08877034768890407,0.3797926354249473,False,-0.051640949591682396,0.04058626371642792,-0.2044448795587617,negative,100
TOFU_grad_diff,unlearned,Extraction,local_density_max,0.0015880603235036454,0.0015880603235036454,0.9874889230313476,False,-0.06207739380186306,0.03493509233361029,0.000817588550821613,positive,100
TOFU_grad_diff,unlearned,Extraction,local_density_min,0.27794088346097073,0.27794088346097073,0.005112540783945953,True,-0.0019049931830855237,0.1612441486313529,0.42470417537760485,positive,100
TOFU_grad_diff,unlearned,Extraction,separability_mean,-0.4031889301135214,0.4031889301135214,3.193980640843295e-05,True,0.16712801105667044,0.12927253999382868,-17.87659915108051,negative,100
TOFU_grad_diff,unlearned,Extraction,separability_std,0.17777075558002725,0.17777075558002725,0.07681377080514303,False,-0.020709079127567986,0.0707144590656285,31.34729765202971,positive,100
TOFU_grad_diff,unlearned,Extraction,separability_max,-0.22203613843225412,0.22203613843225412,0.026402618000974987,True,0.011112933493568723,0.07207171780243635,-7.570269634451103,negative,100
TOFU_grad_diff,unlearned,Extraction,separability_min,-0.4256607484584197,0.4256607484584197,1.010147460034691e-05,True,0.17764956910302082,0.20055870468363043,-18.96607185934712,negative,100
TOFU_grad_diff,unlearned,Extraction,centrality_mean,-0.054321689805200815,0.054321689805200815,0.5914168891148197,False,-0.06095164914136127,0.04398848993025076,-0.33767143409412137,negative,100
TOFU_grad_diff,unlearned,Extraction,centrality_std,0.28599655333202234,0.28599655333202234,0.0039201568328439814,True,0.041293586663298056,0.07403955567144395,2.1083590472199716,positive,100
TOFU_grad_diff,unlearned,Extraction,centrality_max,0.16525431625539905,0.16525431625539905,0.10036546480979845,False,-0.024296156084168484,0.032814645546191006,0.41508631283925507,positive,100
TOFU_grad_diff,unlearned,Extraction,centrality_min,-0.12959272306764524,0.12959272306764524,0.19877106018436153,False,-0.037833578857060776,0.0516505164561047,-0.3595811840619934,negative,100
TOFU_grad_diff,unlearned,Extraction,isolation_mean,,,,False,-0.05807341100386796,0.03656670337261581,0.0,negative,100
TOFU_grad_diff,unlearned,Extraction,isolation_std,,,,False,-0.05807341100386796,0.03656670337261581,0.0,negative,100
TOFU_grad_diff,unlearned,Extraction,isolation_max,,,,False,-0.05807341100386796,0.03656670337261581,0.0,negative,100
TOFU_grad_diff,unlearned,Extraction,isolation_min,,,,False,-0.05807341100386796,0.03656670337261581,0.0,negative,100
TOFU_grad_diff,unlearned,Extraction,cluster_compactness_mean,,,,False,-0.05807341100386783,0.03656670337261565,0.0,negative,100
TOFU_grad_diff,unlearned,Extraction,cluster_compactness_std,,,,False,-0.05807341100386796,0.03656670337261581,14.93333333333333,positive,100
TOFU_grad_diff,unlearned,Extraction,cluster_compactness_max,,,,False,-0.05807341100386796,0.03656670337261581,0.0,negative,100
TOFU_grad_diff,unlearned,Extraction,cluster_compactness_min,,,,False,-0.05807341100386787,0.03656670337261567,14.4,positive,100
TOFU_grad_diff,unlearned,Extraction,cross_layer_consistency_mean,-0.06571477359141263,0.06571477359141263,0.5159580959325729,False,-0.11367153069024782,0.07816812352863105,-0.7992228243045686,negative,100
TOFU_grad_diff,unlearned,Extraction,cross_layer_consistency_std,0.18084293213114697,0.18084293213114697,0.07177071675681294,False,-0.0433715447584246,0.10335691834505924,146.67343038805632,positive,100
TOFU_grad_diff,unlearned,Extraction,cross_layer_consistency_max,-0.06571477359141263,0.06571477359141263,0.5159580959325729,False,-0.11367153069024782,0.07816812352863105,-0.7992228243045686,negative,100
TOFU_grad_diff,unlearned,Extraction,cross_layer_consistency_min,-0.06571477359141263,0.06571477359141263,0.5159580959325729,False,-0.11367153069024782,0.07816812352863105,-0.7992228243045686,negative,100
TOFU_grad_ascent,base,Unlearning,local_density_mean,0.09068943714082271,0.09068943714082271,0.3695356936346191,False,-0.010526315789473717,0.021052631578947434,0.028079505146153236,positive,100
TOFU_grad_ascent,base,Unlearning,local_density_std,0.08297233040422619,0.08297233040422619,0.41181256618476886,False,-0.010526315789473717,0.021052631578947434,0.06824466530476768,positive,100
TOFU_grad_ascent,base,Unlearning,local_density_max,0.09453082849475454,0.09453082849475454,0.3495201172529767,False,-0.010526315789473717,0.021052631578947434,0.018508491593541666,positive,100
TOFU_grad_ascent,base,Unlearning,local_density_min,0.07111474770793214,0.07111474770793214,0.4819949858970489,False,-0.010526315789473717,0.021052631578947434,0.02884492564258082,positive,100
TOFU_grad_ascent,base,Unlearning,separability_mean,0.01624403095386104,0.01624403095386104,0.872559215599014,False,-0.010526315789473717,0.021052631578947434,0.27592519826674056,positive,100
TOFU_grad_ascent,base,Unlearning,separability_std,-0.05724289186048553,0.05724289186048553,0.5716002948951275,False,-0.010526315789473717,0.021052631578947434,-3.682075875891228,negative,100
TOFU_grad_ascent,base,Unlearning,separability_max,0.03680876937564663,0.03680876937564663,0.7161692944841339,False,-0.010526315789473717,0.021052631578947434,0.5482125503795603,positive,100
TOFU_grad_ascent,base,Unlearning,separability_min,0.046500521103761974,0.046500521103761974,0.6459415003405222,False,-0.010526315789473717,0.021052631578947434,0.8123004499920544,positive,100
TOFU_grad_ascent,base,Unlearning,centrality_mean,-0.13300784876359906,0.13300784876359906,0.18709358596512274,False,-0.010526315789473717,0.021052631578947434,-0.22976270674683502,negative,100
TOFU_grad_ascent,base,Unlearning,centrality_std,0.024258014494649066,0.024258014494649066,0.8106670703919798,False,-0.010526315789473717,0.021052631578947434,0.04737624903815633,positive,100
TOFU_grad_ascent,base,Unlearning,centrality_max,-0.14175960857461628,0.14175960857461628,0.15946022606051455,False,-0.010526315789473717,0.021052631578947434,-0.11518317896032955,negative,100
TOFU_grad_ascent,base,Unlearning,centrality_min,-0.16979748652993185,0.16979748652993185,0.09123578259691137,False,-0.010526315789473717,0.021052631578947434,-0.15537414322953422,negative,100
TOFU_grad_ascent,base,Unlearning,isolation_mean,,,,False,-0.010526315789473717,0.021052631578947434,0.0,negative,100
TOFU_grad_ascent,base,Unlearning,isolation_std,,,,False,-0.010526315789473717,0.021052631578947434,0.0,negative,100
TOFU_grad_ascent,base,Unlearning,isolation_max,,,,False,-0.010526315789473717,0.021052631578947434,0.0,negative,100
TOFU_grad_ascent,base,Unlearning,isolation_min,,,,False,-0.010526315789473717,0.021052631578947434,0.0,negative,100
TOFU_grad_ascent,base,Unlearning,cluster_compactness_mean,,,,False,-0.010526315789473717,0.021052631578947434,-6.575,negative,100
TOFU_grad_ascent,base,Unlearning,cluster_compactness_std,,,,False,-0.010526315789473717,0.021052631578947434,34.99999999999999,positive,100
TOFU_grad_ascent,base,Unlearning,cluster_compactness_max,,,,False,-0.010526315789473717,0.021052631578947434,-6.575,negative,100
TOFU_grad_ascent,base,Unlearning,cluster_compactness_min,,,,False,-0.010526315789473717,0.021052631578947434,-13.15,negative,100
TOFU_grad_ascent,base,Unlearning,cross_layer_consistency_mean,0.030616116900540107,0.030616116900540107,0.7623602203691849,False,-0.010526315789473717,0.021052631578947434,0.12551977418441473,positive,100
TOFU_grad_ascent,base,Unlearning,cross_layer_consistency_std,0.10744561274498142,0.10744561274498142,0.2873144873530766,False,-0.010526315789473717,0.021052631578947434,22.710138352322634,positive,100
TOFU_grad_ascent,base,Unlearning,cross_layer_consistency_max,0.030616116900540107,0.030616116900540107,0.7623602203691849,False,-0.010526315789473717,0.021052631578947434,0.12551977418441473,positive,100
TOFU_grad_ascent,base,Unlearning,cross_layer_consistency_min,0.030616116900540107,0.030616116900540107,0.7623602203691849,False,-0.010526315789473717,0.021052631578947434,0.12551977418441473,positive,100
TOFU_grad_ascent,base,Extraction,local_density_mean,-0.09032455520668016,0.09032455520668016,0.371472707975474,False,-0.011492418196328735,0.022984836392657474,-0.027980677061297046,negative,100
TOFU_grad_ascent,base,Extraction,local_density_std,-0.08058061387614938,0.08058061387614938,0.4254670966478253,False,-0.011492418196328735,0.022984836392657474,-0.06631100893558799,negative,100
TOFU_grad_ascent,base,Extraction,local_density_max,-0.09104524973768098,0.09104524973768098,0.36765279021745934,False,-0.011492418196328735,0.022984836392657474,-0.017835056829878317,negative,100
TOFU_grad_ascent,base,Extraction,local_density_min,-0.07048335404946357,0.07048335404946357,0.4859033133594505,False,-0.011492418196328735,0.022984836392657474,-0.02860328785131769,negative,100
TOFU_grad_ascent,base,Extraction,separability_mean,-0.017115694702910033,0.017115694702910033,0.8657829198828837,False,-0.011492418196328735,0.022984836392657474,-0.29087857255674376,negative,100
TOFU_grad_ascent,base,Extraction,separability_std,0.06732588037265347,0.06732588037265347,0.5056987650648468,False,-0.011492418196328735,0.022984836392657474,4.332842006280763,positive,100
TOFU_grad_ascent,base,Extraction,separability_max,-0.030389123897949163,0.030389123897949163,0.7640704449113301,False,-0.011492418196328735,0.022984836392657474,-0.45283032173661114,negative,100
TOFU_grad_ascent,base,Extraction,separability_min,-0.0505748577369886,0.0505748577369886,0.6172792595307633,False,-0.011492418196328735,0.022984836392657474,-0.8839204628762055,negative,100
TOFU_grad_ascent,base,Extraction,centrality_mean,0.14201254960202728,0.14201254960202728,0.1587094412960938,False,-0.011492418196328735,0.022984836392657474,0.24544186269217863,positive,100
TOFU_grad_ascent,base,Extraction,centrality_std,-0.024245596953990492,0.024245596953990492,0.8107621782830846,False,-0.011492418196328735,0.022984836392657474,-0.047375951703220454,negative,100
TOFU_grad_ascent,base,Extraction,centrality_max,0.14274757237474608,0.14274757237474608,0.15654268459309187,False,-0.011492418196328735,0.022984836392657474,0.11604459856274192,positive,100
TOFU_grad_ascent,base,Extraction,centrality_min,0.17613060188745686,0.17613060188745686,0.07962035189358171,False,-0.011492418196328735,0.022984836392657474,0.16125082787363476,positive,100
TOFU_grad_ascent,base,Extraction,isolation_mean,,,,False,-0.011492418196328735,0.022984836392657474,0.0,negative,100
TOFU_grad_ascent,base,Extraction,isolation_std,,,,False,-0.011492418196328735,0.022984836392657474,0.0,negative,100
TOFU_grad_ascent,base,Extraction,isolation_max,,,,False,-0.011492418196328735,0.022984836392657474,0.0,negative,100
TOFU_grad_ascent,base,Extraction,isolation_min,,,,False,-0.011492418196328735,0.022984836392657474,0.0,negative,100
TOFU_grad_ascent,base,Extraction,cluster_compactness_mean,,,,False,-0.011492418196328735,0.022984836392657474,0.375,positive,100
TOFU_grad_ascent,base,Extraction,cluster_compactness_std,,,,False,-0.011492418196328735,0.022984836392657474,-1.8666666666666663,negative,100
TOFU_grad_ascent,base,Extraction,cluster_compactness_max,,,,False,-0.011492418196328735,0.022984836392657474,0.375,positive,100
TOFU_grad_ascent,base,Extraction,cluster_compactness_min,,,,False,-0.011492418196328735,0.022984836392657474,0.75,positive,100
TOFU_grad_ascent,base,Extraction,cross_layer_consistency_mean,-0.03240056372647269,0.03240056372647269,0.7489561097424661,False,-0.011492418196328735,0.022984836392657474,-0.13290283721137078,negative,100
TOFU_grad_ascent,base,Extraction,cross_layer_consistency_std,-0.10023723512946704,0.10023723512946704,0.32106493525138036,False,-0.011492418196328735,0.022984836392657474,-21.197264359493815,negative,100
TOFU_grad_ascent,base,Extraction,cross_layer_consistency_max,-0.03240056372647269,0.03240056372647269,0.7489561097424661,False,-0.011492418196328735,0.022984836392657474,-0.13290283721137078,negative,100
TOFU_grad_ascent,base,Extraction,cross_layer_consistency_min,-0.03240056372647269,0.03240056372647269,0.7489561097424661,False,-0.011492418196328735,0.022984836392657474,-0.13290283721137078,negative,100
TOFU_grad_ascent,unlearned,Unlearning,local_density_mean,0.16314253251462732,0.16314253251462732,0.1048462764793394,False,-0.010526315789473717,0.021052631578947434,0.04833153656884014,positive,100
TOFU_grad_ascent,unlearned,Unlearning,local_density_std,0.16599030339296278,0.16599030339296278,0.0988396469277667,False,-0.010526315789473717,0.021052631578947434,0.24322694137008924,positive,100
TOFU_grad_ascent,unlearned,Unlearning,local_density_max,0.20829211666462288,0.20829211666462288,0.037562115985916425,True,-0.010526315789473717,0.021052631578947434,0.054923712165647565,positive,100
TOFU_grad_ascent,unlearned,Unlearning,local_density_min,0.13059660755196678,0.13059660755196678,0.19528530101748517,False,-0.010526315789473717,0.021052631578947434,0.04103559640757813,positive,100
TOFU_grad_ascent,unlearned,Unlearning,separability_mean,0.07958453608784781,0.07958453608784781,0.43122966959424425,False,-0.010526315789473717,0.021052631578947434,0.38422259169804024,positive,100
TOFU_grad_ascent,unlearned,Unlearning,separability_std,0.04854084026241624,0.04854084026241624,0.6315200368060427,False,-0.010526315789473717,0.021052631578947434,0.9452968827283454,positive,100
TOFU_grad_ascent,unlearned,Unlearning,separability_max,0.10629038407105397,0.10629038407105397,0.29255850962690694,False,-0.010526315789473717,0.021052631578947434,0.4443063046117719,positive,100
TOFU_grad_ascent,unlearned,Unlearning,separability_min,0.04211787693516878,0.04211787693516878,0.6773600861524984,False,-0.010526315789473717,0.021052631578947434,0.15152941261405423,positive,100
TOFU_grad_ascent,unlearned,Unlearning,centrality_mean,0.07657083631793316,0.07657083631793316,0.448933568005,False,-0.010526315789473717,0.021052631578947434,0.1359836630934974,positive,100
TOFU_grad_ascent,unlearned,Unlearning,centrality_std,0.11620937963336093,0.11620937963336093,0.24957213382646073,False,-0.010526315789473717,0.021052631578947434,0.19800342464583698,positive,100
TOFU_grad_ascent,unlearned,Unlearning,centrality_max,0.07768041356737032,0.07768041356737032,0.4423686213798183,False,-0.010526315789473717,0.021052631578947434,0.05530809125849423,positive,100
TOFU_grad_ascent,unlearned,Unlearning,centrality_min,-0.0822558511459571,0.0822558511459571,0.4158759147247474,False,-0.010526315789473717,0.021052631578947434,-0.06213893322032376,negative,100
TOFU_grad_ascent,unlearned,Unlearning,isolation_mean,,,,False,-0.010526315789473717,0.021052631578947434,0.0,negative,100
TOFU_grad_ascent,unlearned,Unlearning,isolation_std,,,,False,-0.010526315789473717,0.021052631578947434,0.0,negative,100
TOFU_grad_ascent,unlearned,Unlearning,isolation_max,,,,False,-0.010526315789473717,0.021052631578947434,0.0,negative,100
TOFU_grad_ascent,unlearned,Unlearning,isolation_min,,,,False,-0.010526315789473717,0.021052631578947434,0.0,negative,100
TOFU_grad_ascent,unlearned,Unlearning,cluster_compactness_mean,,,,False,-0.010526315789473717,0.021052631578947434,6.575,positive,100
TOFU_grad_ascent,unlearned,Unlearning,cluster_compactness_std,,,,False,-0.010526315789473717,0.021052631578947434,0.0,negative,100
TOFU_grad_ascent,unlearned,Unlearning,cluster_compactness_max,,,,False,-0.010526315789473717,0.021052631578947434,6.575,positive,100
TOFU_grad_ascent,unlearned,Unlearning,cluster_compactness_min,,,,False,-0.010526315789473717,0.021052631578947434,-6.575,negative,100
TOFU_grad_ascent,unlearned,Unlearning,cross_layer_consistency_mean,0.024260054434000058,0.024260054434000058,0.8106514464397414,False,-0.010526315789473717,0.021052631578947434,0.24211904229038148,positive,100
TOFU_grad_ascent,unlearned,Unlearning,cross_layer_consistency_std,0.10404474413498169,0.10404474413498169,0.3029323250383369,False,-0.010526315789473717,0.021052631578947434,23.046203331728123,positive,100
TOFU_grad_ascent,unlearned,Unlearning,cross_layer_consistency_max,0.024260054434000058,0.024260054434000058,0.8106514464397414,False,-0.010526315789473717,0.021052631578947434,0.24211904229038148,positive,100
TOFU_grad_ascent,unlearned,Unlearning,cross_layer_consistency_min,0.024260054434000058,0.024260054434000058,0.8106514464397414,False,-0.010526315789473717,0.021052631578947434,0.24211904229038148,positive,100
TOFU_grad_ascent,unlearned,Extraction,local_density_mean,-0.15448442334937335,0.15448442334937335,0.12486977594948577,False,-0.011492418196328735,0.022984836392657474,-0.045789694192942196,negative,100
TOFU_grad_ascent,unlearned,Extraction,local_density_std,-0.16927320964804596,0.16927320964804596,0.09225452178410311,False,-0.011492418196328735,0.022984836392657474,-0.24816288709138623,negative,100
TOFU_grad_ascent,unlearned,Extraction,local_density_max,-0.20155139596153393,0.20155139596153393,0.0443401994589185,True,-0.011492418196328735,0.022984836392657474,-0.05317316407511686,negative,100
TOFU_grad_ascent,unlearned,Extraction,local_density_min,-0.12047899332445386,0.12047899332445386,0.23247893077775064,False,-0.011492418196328735,0.022984836392657474,-0.03787562677831154,negative,100
TOFU_grad_ascent,unlearned,Extraction,separability_mean,-0.07484701016379204,0.07484701016379204,0.45923994026160647,False,-0.011492418196328735,0.022984836392657474,-0.36153330300904163,negative,100
TOFU_grad_ascent,unlearned,Extraction,separability_std,-0.0523297485941167,0.0523297485941167,0.6051053145441153,False,-0.011492418196328735,0.022984836392657474,-1.0195985948864912,negative,100
TOFU_grad_ascent,unlearned,Extraction,separability_max,-0.10343793052255122,0.10343793052255122,0.3057763468538671,False,-0.011492418196328735,0.022984836392657474,-0.43260144593458544,negative,100
TOFU_grad_ascent,unlearned,Extraction,separability_min,-0.037632229062206764,0.037632229062206764,0.7100993181088465,False,-0.011492418196328735,0.022984836392657474,-0.13545968338422243,negative,100
TOFU_grad_ascent,unlearned,Extraction,centrality_mean,-0.07254159220944685,0.07254159220944685,0.4732251700544109,False,-0.011492418196328735,0.022984836392657474,-0.12889321994910263,negative,100
TOFU_grad_ascent,unlearned,Extraction,centrality_std,-0.11725749052543841,0.11725749052543841,0.24529811999109774,False,-0.011492418196328735,0.022984836392657474,-0.19989031789020434,negative,100
TOFU_grad_ascent,unlearned,Extraction,centrality_max,-0.07879016661019472,0.07879016661019472,0.4358570714943269,False,-0.011492418196328735,0.022984836392657474,-0.05612660905613912,negative,100
TOFU_grad_ascent,unlearned,Extraction,centrality_min,0.08353547575573428,0.08353547575573428,0.4086351545642238,False,-0.011492418196328735,0.022984836392657474,0.06313752988548624,positive,100
TOFU_grad_ascent,unlearned,Extraction,isolation_mean,,,,False,-0.011492418196328735,0.022984836392657474,0.0,negative,100
TOFU_grad_ascent,unlearned,Extraction,isolation_std,,,,False,-0.011492418196328735,0.022984836392657474,0.0,negative,100
TOFU_grad_ascent,unlearned,Extraction,isolation_max,,,,False,-0.011492418196328735,0.022984836392657474,0.0,negative,100
TOFU_grad_ascent,unlearned,Extraction,isolation_min,,,,False,-0.011492418196328735,0.022984836392657474,0.0,negative,100
TOFU_grad_ascent,unlearned,Extraction,cluster_compactness_mean,,,,False,-0.011492418196328735,0.022984836392657474,-0.375,negative,100
TOFU_grad_ascent,unlearned,Extraction,cluster_compactness_std,,,,False,-0.011492418196328735,0.022984836392657474,0.0,negative,100
TOFU_grad_ascent,unlearned,Extraction,cluster_compactness_max,,,,False,-0.011492418196328735,0.022984836392657474,-0.375,negative,100
TOFU_grad_ascent,unlearned,Extraction,cluster_compactness_min,,,,False,-0.011492418196328735,0.022984836392657474,0.375,positive,100
TOFU_grad_ascent,unlearned,Extraction,cross_layer_consistency_mean,-0.019016528469578197,0.019016528469578197,0.8510401762655097,False,-0.011492418196328735,0.022984836392657474,-0.18988386302401028,negative,100
TOFU_grad_ascent,unlearned,Extraction,cross_layer_consistency_std,-0.10851353413153463,0.10851353413153463,0.2825226806787037,False,-0.011492418196328735,0.022984836392657474,-24.048212172238035,negative,100
TOFU_grad_ascent,unlearned,Extraction,cross_layer_consistency_max,-0.019016528469578197,0.019016528469578197,0.8510401762655097,False,-0.011492418196328735,0.022984836392657474,-0.18988386302401028,negative,100
TOFU_grad_ascent,unlearned,Extraction,cross_layer_consistency_min,-0.019016528469578197,0.019016528469578197,0.8510401762655097,False,-0.011492418196328735,0.022984836392657474,-0.18988386302401028,negative,100
TOFU_KL,base,Unlearning,local_density_mean,0.09077935353110365,0.09077935353110365,0.36905931407562825,False,-0.010526315789473717,0.021052631578947434,0.03172064895190159,positive,100
TOFU_KL,base,Unlearning,local_density_std,0.07869957544332616,0.07869957544332616,0.4363865726067544,False,-0.010526315789473717,0.021052631578947434,0.07274170623898972,positive,100
TOFU_KL,base,Unlearning,local_density_max,0.09223208231639787,0.09223208231639787,0.3614149168339748,False,-0.010526315789473717,0.021052631578947434,0.020165386645504466,positive,100
TOFU_KL,base,Unlearning,local_density_min,0.0798081933976725,0.0798081933976725,0.4299318881329259,False,-0.010526315789473717,0.021052631578947434,0.036507421716042585,positive,100
TOFU_KL,base,Unlearning,separability_mean,0.01544322393757081,0.01544322393757081,0.8787928100065803,False,-0.010526315789473717,0.021052631578947434,0.2953455623892436,positive,100
TOFU_KL,base,Unlearning,separability_std,-0.06046640400798051,0.06046640400798051,0.5501007781934913,False,-0.010526315789473717,0.021052631578947434,-4.362574258043527,negative,100
TOFU_KL,base,Unlearning,separability_max,0.03160662078216867,0.03160662078216867,0.7549109669301417,False,-0.010526315789473717,0.021052631578947434,0.5271161540633273,positive,100
TOFU_KL,base,Unlearning,separability_min,0.04768766331723396,0.04768766331723396,0.6375341138627965,False,-0.010526315789473717,0.021052631578947434,0.9389903482472217,positive,100
TOFU_KL,base,Unlearning,centrality_mean,-0.12355687895441846,0.12355687895441846,0.22067556113564912,False,-0.010526315789473717,0.021052631578947434,-0.191984431712088,negative,100
TOFU_KL,base,Unlearning,centrality_std,-0.15979228560947667,0.15979228560947667,0.11227385383585838,False,-0.010526315789473717,0.021052631578947434,-0.37388368262524435,negative,100
TOFU_KL,base,Unlearning,centrality_max,-0.1683265040591573,0.1683265040591573,0.0941168636949218,False,-0.010526315789473717,0.021052631578947434,-0.14460287675744724,negative,100
TOFU_KL,base,Unlearning,centrality_min,0.018840571455261575,0.018840571455261575,0.8524028172790651,False,-0.010526315789473717,0.021052631578947434,0.0161657486364987,positive,100
TOFU_KL,base,Unlearning,isolation_mean,,,,False,-0.010526315789473717,0.021052631578947434,0.0,negative,100
TOFU_KL,base,Unlearning,isolation_std,,,,False,-0.010526315789473717,0.021052631578947434,0.0,negative,100
TOFU_KL,base,Unlearning,isolation_max,,,,False,-0.010526315789473717,0.021052631578947434,0.0,negative,100
TOFU_KL,base,Unlearning,isolation_min,,,,False,-0.010526315789473717,0.021052631578947434,0.0,negative,100
TOFU_KL,base,Unlearning,cluster_compactness_mean,,,,False,-0.010526315789473717,0.021052631578947434,2.95,positive,100
TOFU_KL,base,Unlearning,cluster_compactness_std,,,,False,-0.010526315789473717,0.021052631578947434,-47.2,negative,100
TOFU_KL,base,Unlearning,cluster_compactness_max,,,,False,-0.010526315789473717,0.021052631578947434,5.9,positive,100
TOFU_KL,base,Unlearning,cluster_compactness_min,,,,False,-0.010526315789473717,0.021052631578947434,11.8,positive,100
TOFU_KL,base,Unlearning,cross_layer_consistency_mean,0.03061611690054011,0.03061611690054011,0.7623602203691849,False,-0.010526315789473717,0.021052631578947434,0.1418919186432514,positive,100
TOFU_KL,base,Unlearning,cross_layer_consistency_std,0.10744561274498142,0.10744561274498142,0.2873144873530766,False,-0.010526315789473717,0.021052631578947434,25.67233031132119,positive,100
TOFU_KL,base,Unlearning,cross_layer_consistency_max,0.03061611690054011,0.03061611690054011,0.7623602203691849,False,-0.010526315789473717,0.021052631578947434,0.1418919186432514,positive,100
TOFU_KL,base,Unlearning,cross_layer_consistency_min,0.03061611690054011,0.03061611690054011,0.7623602203691849,False,-0.010526315789473717,0.021052631578947434,0.1418919186432514,positive,100
TOFU_KL,base,Extraction,local_density_mean,-0.09077935353110365,0.09077935353110365,0.36905931407562825,False,-0.010526315789473762,0.02105263157894752,-0.034160698871278636,negative,100
TOFU_KL,base,Extraction,local_density_std,-0.07869957544332616,0.07869957544332616,0.4363865726067544,False,-0.010526315789473762,0.02105263157894752,-0.0783372221035274,negative,100
TOFU_KL,base,Extraction,local_density_max,-0.09223208231639785,0.09223208231639785,0.3614149168339748,False,-0.010526315789473762,0.02105263157894752,-0.021716570233620194,negative,100
TOFU_KL,base,Extraction,local_density_min,-0.0798081933976725,0.0798081933976725,0.4299318881329259,False,-0.010526315789473762,0.02105263157894752,-0.039315684924968924,negative,100
TOFU_KL,base,Extraction,separability_mean,-0.015443223937570808,0.015443223937570808,0.8787928100065803,False,-0.010526315789473762,0.02105263157894752,-0.3180644518038008,negative,100
TOFU_KL,base,Extraction,separability_std,0.0604664040079805,0.0604664040079805,0.5501007781934913,False,-0.010526315789473762,0.02105263157894752,4.698156893277644,positive,100
TOFU_KL,base,Extraction,separability_max,-0.03160662078216868,0.03160662078216868,0.7549109669301417,False,-0.010526315789473762,0.02105263157894752,-0.5676635505297369,negative,100
TOFU_KL,base,Extraction,separability_min,-0.047687663317233946,0.047687663317233946,0.637534113862798,False,-0.010526315789473762,0.02105263157894752,-1.0112203750354696,negative,100
TOFU_KL,base,Extraction,centrality_mean,0.12355687895441843,0.12355687895441843,0.22067556113564912,False,-0.010526315789473762,0.02105263157894752,0.20675246492071012,positive,100
TOFU_KL,base,Extraction,centrality_std,0.1597922856094767,0.1597922856094767,0.11227385383585838,False,-0.010526315789473762,0.02105263157894752,0.4026439659041094,positive,100
TOFU_KL,base,Extraction,centrality_max,0.1683265040591573,0.1683265040591573,0.0941168636949218,False,-0.010526315789473762,0.02105263157894752,0.15572617496955862,positive,100
TOFU_KL,base,Extraction,centrality_min,-0.01884057145526158,0.01884057145526158,0.8524028172790651,False,-0.010526315789473762,0.02105263157894752,-0.017409267762383225,negative,100
TOFU_KL,base,Extraction,isolation_mean,,,,False,-0.010526315789473762,0.02105263157894752,0.0,negative,100
TOFU_KL,base,Extraction,isolation_std,,,,False,-0.010526315789473762,0.02105263157894752,0.0,negative,100
TOFU_KL,base,Extraction,isolation_max,,,,False,-0.010526315789473762,0.02105263157894752,0.0,negative,100
TOFU_KL,base,Extraction,isolation_min,,,,False,-0.010526315789473762,0.02105263157894752,0.0,negative,100
TOFU_KL,base,Extraction,cluster_compactness_mean,,,,False,-0.010526315789473762,0.02105263157894752,-0.0,negative,100
TOFU_KL,base,Extraction,cluster_compactness_std,,,,False,-0.010526315789473762,0.02105263157894752,0.0,negative,100
TOFU_KL,base,Extraction,cluster_compactness_max,,,,False,-0.010526315789473762,0.02105263157894752,-0.0,negative,100
TOFU_KL,base,Extraction,cluster_compactness_min,,,,False,-0.010526315789473762,0.02105263157894752,-0.0,negative,100
TOFU_KL,base,Extraction,cross_layer_consistency_mean,-0.030616116900540103,0.030616116900540103,0.7623602203691849,False,-0.010526315789473762,0.02105263157894752,-0.15280668161580918,negative,100
TOFU_KL,base,Extraction,cross_layer_consistency_std,-0.10744561274498139,0.10744561274498139,0.2873144873530766,False,-0.010526315789473762,0.02105263157894752,-27.647124950653613,negative,100
TOFU_KL,base,Extraction,cross_layer_consistency_max,-0.030616116900540103,0.030616116900540103,0.7623602203691849,False,-0.010526315789473762,0.02105263157894752,-0.15280668161580918,negative,100
TOFU_KL,base,Extraction,cross_layer_consistency_min,-0.030616116900540103,0.030616116900540103,0.7623602203691849,False,-0.010526315789473762,0.02105263157894752,-0.15280668161580918,negative,100
TOFU_KL,unlearned,Unlearning,local_density_mean,0.14054884220443667,0.14054884220443667,0.16309071559713642,False,-0.010526315789473717,0.021052631578947434,0.03933283237927229,positive,100
TOFU_KL,unlearned,Unlearning,local_density_std,0.14266566617576149,0.14266566617576149,0.15678303466712215,False,-0.010526315789473717,0.021052631578947434,0.20608437681725372,positive,100
TOFU_KL,unlearned,Unlearning,local_density_max,0.1514732914635849,0.1514732914635849,0.13248256398833266,False,-0.010526315789473717,0.021052631578947434,0.03278434209654531,positive,100
TOFU_KL,unlearned,Unlearning,local_density_min,0.11719687471467079,0.11719687471467079,0.24554391469928413,False,-0.010526315789473717,0.021052631578947434,0.03560964345404118,positive,100
TOFU_KL,unlearned,Unlearning,separability_mean,0.05767602130722224,0.05767602130722224,0.5686887501477604,False,-0.010526315789473717,0.021052631578947434,0.3647671199005994,positive,100
TOFU_KL,unlearned,Unlearning,separability_std,0.10046919373461716,0.10046919373461716,0.3199407060466449,False,-0.010526315789473717,0.021052631578947434,4.441679284236665,positive,100
TOFU_KL,unlearned,Unlearning,separability_max,0.0678066866062433,0.0678066866062433,0.5026576674431429,False,-0.010526315789473717,0.021052631578947434,0.4081089796667567,positive,100
TOFU_KL,unlearned,Unlearning,separability_min,0.02912330833414795,0.02912330833414795,0.7736280059883321,False,-0.010526315789473717,0.021052631578947434,0.16808692595662217,positive,100
TOFU_KL,unlearned,Unlearning,centrality_mean,-0.06204940299156052,0.06204940299156052,0.5396883951893677,False,-0.010526315789473717,0.021052631578947434,-0.10888829301911325,negative,100
TOFU_KL,unlearned,Unlearning,centrality_std,0.06444209326331696,0.06444209326331696,0.5241368616644361,False,-0.010526315789473717,0.021052631578947434,0.15652666437998902,positive,100
TOFU_KL,unlearned,Unlearning,centrality_max,0.04247857189936208,0.04247857189936208,0.6747524015593503,False,-0.010526315789473717,0.021052631578947434,0.04278812847223834,positive,100
TOFU_KL,unlearned,Unlearning,centrality_min,-0.026038598424097587,0.026038598424097587,0.7970584391504125,False,-0.010526315789473717,0.021052631578947434,-0.020470870977010128,negative,100
TOFU_KL,unlearned,Unlearning,isolation_mean,,,,False,-0.010526315789473717,0.021052631578947434,0.0,negative,100
TOFU_KL,unlearned,Unlearning,isolation_std,,,,False,-0.010526315789473717,0.021052631578947434,0.0,negative,100
TOFU_KL,unlearned,Unlearning,isolation_max,,,,False,-0.010526315789473717,0.021052631578947434,0.0,negative,100
TOFU_KL,unlearned,Unlearning,isolation_min,,,,False,-0.010526315789473717,0.021052631578947434,0.0,negative,100
TOFU_KL,unlearned,Unlearning,cluster_compactness_mean,,,,False,-0.010526315789473717,0.021052631578947434,5.9,positive,100
TOFU_KL,unlearned,Unlearning,cluster_compactness_std,,,,False,-0.010526315789473717,0.021052631578947434,-47.2,negative,100
TOFU_KL,unlearned,Unlearning,cluster_compactness_max,,,,False,-0.010526315789473717,0.021052631578947434,5.9,positive,100
TOFU_KL,unlearned,Unlearning,cluster_compactness_min,,,,False,-0.010526315789473717,0.021052631578947434,1.475,positive,100
TOFU_KL,unlearned,Unlearning,cross_layer_consistency_mean,0.053435541351617946,0.053435541351617946,0.5974891211154219,False,-0.010526315789473717,0.021052631578947434,0.7357046168906117,positive,100
TOFU_KL,unlearned,Unlearning,cross_layer_consistency_std,0.10223560581603032,0.10223560581603032,0.31146273867054985,False,-0.010526315789473717,0.021052631578947434,22.66806747112168,positive,100
TOFU_KL,unlearned,Unlearning,cross_layer_consistency_max,0.053435541351617946,0.053435541351617946,0.5974891211154219,False,-0.010526315789473717,0.021052631578947434,0.7357046168906117,positive,100
TOFU_KL,unlearned,Unlearning,cross_layer_consistency_min,0.053435541351617946,0.053435541351617946,0.5974891211154219,False,-0.010526315789473717,0.021052631578947434,0.7357046168906117,positive,100
TOFU_KL,unlearned,Extraction,local_density_mean,-0.1405488422044366,0.1405488422044366,0.1630907155971371,False,-0.010526315789473762,0.02105263157894752,-0.04235843486998553,negative,100
TOFU_KL,unlearned,Extraction,local_density_std,-0.14266566617576149,0.14266566617576149,0.15678303466712215,False,-0.010526315789473762,0.02105263157894752,-0.22193702118781175,negative,100
TOFU_KL,unlearned,Extraction,local_density_max,-0.15147329146358496,0.15147329146358496,0.13248256398833266,False,-0.010526315789473762,0.02105263157894752,-0.03530621456551034,negative,100
TOFU_KL,unlearned,Extraction,local_density_min,-0.11719687471467073,0.11719687471467073,0.24554391469928413,False,-0.010526315789473762,0.02105263157894752,-0.03834884679665972,negative,100
TOFU_KL,unlearned,Extraction,separability_mean,-0.05767602130722225,0.05767602130722225,0.5686887501477604,False,-0.010526315789473762,0.02105263157894752,-0.39282612912372256,negative,100
TOFU_KL,unlearned,Extraction,separability_std,-0.10046919373461712,0.10046919373461712,0.3199407060466449,False,-0.010526315789473762,0.02105263157894752,-4.783346921485637,negative,100
TOFU_KL,unlearned,Extraction,separability_max,-0.06780668660624328,0.06780668660624328,0.5026576674431429,False,-0.010526315789473762,0.02105263157894752,-0.4395019781026611,negative,100
TOFU_KL,unlearned,Extraction,separability_min,-0.029123308334147936,0.029123308334147936,0.7736280059883321,False,-0.010526315789473762,0.02105263157894752,-0.18101668949174693,negative,100
TOFU_KL,unlearned,Extraction,centrality_mean,0.06204940299156052,0.06204940299156052,0.5396883951893677,False,-0.010526315789473762,0.02105263157894752,0.11726431555904498,positive,100
TOFU_KL,unlearned,Extraction,centrality_std,-0.06444209326331696,0.06444209326331696,0.5241368616644361,False,-0.010526315789473762,0.02105263157894752,-0.16856717702460355,negative,100
TOFU_KL,unlearned,Extraction,centrality_max,-0.04247857189936207,0.04247857189936207,0.6747524015593503,False,-0.010526315789473762,0.02105263157894752,-0.046079522970102815,negative,100
TOFU_KL,unlearned,Extraction,centrality_min,0.026038598424097587,0.026038598424097587,0.7970584391504125,False,-0.010526315789473762,0.02105263157894752,0.022045553359857053,positive,100
TOFU_KL,unlearned,Extraction,isolation_mean,,,,False,-0.010526315789473762,0.02105263157894752,0.0,negative,100
TOFU_KL,unlearned,Extraction,isolation_std,,,,False,-0.010526315789473762,0.02105263157894752,0.0,negative,100
TOFU_KL,unlearned,Extraction,isolation_max,,,,False,-0.010526315789473762,0.02105263157894752,0.0,negative,100
TOFU_KL,unlearned,Extraction,isolation_min,,,,False,-0.010526315789473762,0.02105263157894752,0.0,negative,100
TOFU_KL,unlearned,Extraction,cluster_compactness_mean,,,,False,-0.010526315789473762,0.02105263157894752,-0.0,negative,100
TOFU_KL,unlearned,Extraction,cluster_compactness_std,,,,False,-0.010526315789473762,0.02105263157894752,0.0,negative,100
TOFU_KL,unlearned,Extraction,cluster_compactness_max,,,,False,-0.010526315789473762,0.02105263157894752,-0.0,negative,100
TOFU_KL,unlearned,Extraction,cluster_compactness_min,,,,False,-0.010526315789473762,0.02105263157894752,-0.0,negative,100
TOFU_KL,unlearned,Extraction,cross_layer_consistency_mean,-0.05343554135161792,0.05343554135161792,0.5974891211154219,False,-0.010526315789473762,0.02105263157894752,-0.7922972797283513,negative,100
TOFU_KL,unlearned,Extraction,cross_layer_consistency_std,-0.10223560581603036,0.10223560581603036,0.31146273867054985,False,-0.010526315789473762,0.02105263157894752,-24.411764968900286,negative,100
TOFU_KL,unlearned,Extraction,cross_layer_consistency_max,-0.05343554135161792,0.05343554135161792,0.5974891211154219,False,-0.010526315789473762,0.02105263157894752,-0.7922972797283513,negative,100
TOFU_KL,unlearned,Extraction,cross_layer_consistency_min,-0.05343554135161792,0.05343554135161792,0.5974891211154219,False,-0.010526315789473762,0.02105263157894752,-0.7922972797283513,negative,100
TOFU_idk,base,Unlearning,local_density_mean,0.25233964238462175,0.25233964238462175,0.011315536572453579,True,-0.24413810297472516,0.30055463514590147,0.15583685803102007,positive,100
TOFU_idk,base,Unlearning,local_density_std,0.2555365240566733,0.2555365240566733,0.010288178014608271,True,-0.15159436570214777,0.16522161537580954,0.41687795022609647,positive,100
TOFU_idk,base,Unlearning,local_density_max,0.2732233559871629,0.2732233559871629,0.005951855839008324,True,-0.19509373584965353,0.23742686740727306,0.10485112189509799,positive,100
TOFU_idk,base,Unlearning,local_density_min,0.17814715749397017,0.17814715749397017,0.07618101916590841,False,-0.2680014771110317,0.2574249270943321,0.14400297381287305,positive,100
TOFU_idk,base,Unlearning,separability_mean,0.31365818800835715,0.31365818800835715,0.0014842667163169694,True,-0.13137696902603885,0.15195994801719853,10.587097144240435,positive,100
TOFU_idk,base,Unlearning,separability_std,0.04871180777583488,0.04871180777583488,0.6303177465631739,False,-0.21887559444562,0.15711006559940074,6.216225368392596,positive,100
TOFU_idk,base,Unlearning,separability_max,0.2573940204341625,0.2573940204341625,0.009729588080000552,True,-0.16106685990072875,0.13586957429298488,7.516839908328055,positive,100
TOFU_idk,base,Unlearning,separability_min,0.28732627973110747,0.28732627973110747,0.003749268665849525,True,-0.16919518985803975,0.1684553867519853,9.993533947595362,positive,100
TOFU_idk,base,Unlearning,centrality_mean,0.19072740033700641,0.19072740033700641,0.05733048051630828,False,-0.1914486074340579,0.15071019050861448,0.6369929563389995,positive,100
TOFU_idk,base,Unlearning,centrality_std,-0.04267487575827676,0.04267487575827676,0.6733348126408695,False,-0.25367269047971147,0.18090124009017033,-0.18768807602236318,negative,100
TOFU_idk,base,Unlearning,centrality_max,0.01278435249091466,0.01278435249091466,0.8995408734816795,False,-0.27645725298325885,0.17193228027399116,0.02248006001762554,positive,100
TOFU_idk,base,Unlearning,centrality_min,0.06040378571020757,0.06040378571020757,0.5505146526806383,False,-0.2308273510547978,0.12560271807556514,0.09186885831857054,positive,100
TOFU_idk,base,Unlearning,isolation_mean,,,,False,-0.21467711608004958,0.1560876396423154,0.0,negative,100
TOFU_idk,base,Unlearning,isolation_std,,,,False,-0.21467711608004958,0.1560876396423154,0.0,negative,100
TOFU_idk,base,Unlearning,isolation_max,,,,False,-0.21467711608004958,0.1560876396423154,0.0,negative,100
TOFU_idk,base,Unlearning,isolation_min,,,,False,-0.21467711608004958,0.1560876396423154,0.0,negative,100
TOFU_idk,base,Unlearning,cluster_compactness_mean,,,,False,-0.21467711608004958,0.1560876396423154,-10.600000000000001,negative,100
TOFU_idk,base,Unlearning,cluster_compactness_std,,,,False,-0.21467711608004908,0.15608763964231523,169.60000000000002,positive,100
TOFU_idk,base,Unlearning,cluster_compactness_max,,,,False,-0.21467711608004958,0.1560876396423154,0.0,negative,100
TOFU_idk,base,Unlearning,cluster_compactness_min,,,,False,-0.2146771160800493,0.15608763964231542,21.200000000000003,positive,100
TOFU_idk,base,Unlearning,cross_layer_consistency_mean,0.11894073775906981,0.11894073775906981,0.23854042281768348,False,-0.2242290517048872,0.16834617763683762,0.9751882403773715,positive,100
TOFU_idk,base,Unlearning,cross_layer_consistency_std,-0.035552089360842296,0.035552089360842296,0.725466695605212,False,-0.21718684206365566,0.16315097957473063,-15.027682391072807,negative,100
TOFU_idk,base,Unlearning,cross_layer_consistency_max,0.11894073775906981,0.11894073775906981,0.23854042281768348,False,-0.2242290517048872,0.16834617763683762,0.9751882403773715,positive,100
TOFU_idk,base,Unlearning,cross_layer_consistency_min,0.11894073775906981,0.11894073775906981,0.23854042281768348,False,-0.2242290517048872,0.16834617763683762,0.9751882403773715,positive,100
TOFU_idk,base,Extraction,local_density_mean,-0.22833153392232958,0.22833153392232958,0.022319833626247485,True,-0.3281356109428394,0.5646933096285098,-0.1548859401627407,negative,100
TOFU_idk,base,Extraction,local_density_std,-0.12084960031811137,0.12084960031811137,0.231034786480663,False,-0.28000979502119894,0.3371430244277567,-0.2165521809840632,negative,100
TOFU_idk,base,Extraction,local_density_max,-0.19004411409541921,0.19004411409541921,0.05824546007975034,False,-0.290474631394339,0.4384612804878474,-0.08010711397292802,negative,100
TOFU_idk,base,Extraction,local_density_min,-0.2142400932583482,0.2142400932583482,0.03232374925189382,True,-0.32828359129505313,0.533229564131516,-0.19021935916785113,negative,100
TOFU_idk,base,Extraction,separability_mean,-0.280534287250446,0.280534287250446,0.004697506607776667,True,-0.2350435084156266,0.38931106489648754,-10.400820937648085,negative,100
TOFU_idk,base,Extraction,separability_std,-0.008771685389011557,0.008771685389011557,0.9309769937205674,False,-0.2977977451375381,0.3273797693792499,-1.2295238360509055,negative,100
TOFU_idk,base,Extraction,separability_max,-0.2065164160087493,0.2065164160087493,0.03925741530317181,True,-0.2759304957463745,0.41704552694848307,-6.624495793827337,negative,100
TOFU_idk,base,Extraction,separability_min,-0.25659140977159084,0.25659140977159084,0.009967598999021277,True,-0.2569385012798868,0.36603383145172297,-9.802734880912222,negative,100
TOFU_idk,base,Extraction,centrality_mean,-0.1444004850634444,0.1444004850634444,0.15175090003531028,False,-0.33804597651402524,0.37222350526758324,-0.5297263723542035,negative,100
TOFU_idk,base,Extraction,centrality_std,-0.08050086697098831,0.08050086697098831,0.4259268168900133,False,-0.4439312464291899,0.6315010448962182,-0.38888964248333296,negative,100
TOFU_idk,base,Extraction,centrality_max,-0.06657660836098792,0.06657660836098792,0.5104568474657889,False,-0.40292955448758994,0.5030980425639168,-0.12858840182179188,negative,100
TOFU_idk,base,Extraction,centrality_min,0.06423301755042186,0.06423301755042186,0.5254866971332931,False,-0.3532770703717048,0.3972698364504684,0.107305970766041,positive,100
TOFU_idk,base,Extraction,isolation_mean,,,,False,-0.2929219649989753,0.32912806142559214,0.0,negative,100
TOFU_idk,base,Extraction,isolation_std,,,,False,-0.2929219649989753,0.32912806142559214,0.0,negative,100
TOFU_idk,base,Extraction,isolation_max,,,,False,-0.2929219649989753,0.32912806142559214,0.0,negative,100
TOFU_idk,base,Extraction,isolation_min,,,,False,-0.2929219649989753,0.32912806142559214,0.0,negative,100
TOFU_idk,base,Extraction,cluster_compactness_mean,,,,False,-0.2929219649989753,0.32912806142559214,0.0,negative,100
TOFU_idk,base,Extraction,cluster_compactness_std,,,,False,-0.2929219649989754,0.3291280614255921,-0.0,negative,100
TOFU_idk,base,Extraction,cluster_compactness_max,,,,False,-0.2929219649989753,0.32912806142559214,0.0,negative,100
TOFU_idk,base,Extraction,cluster_compactness_min,,,,False,-0.29292196499897544,0.32912806142559214,-0.0,negative,100
TOFU_idk,base,Extraction,cross_layer_consistency_mean,-0.1545380084419802,0.1545380084419802,0.12473740960921047,False,-0.2914610730307915,0.3612974794985571,-1.391728563078155,negative,100
TOFU_idk,base,Extraction,cross_layer_consistency_std,-0.009946787500410812,0.009946787500410812,0.9217578125789356,False,-0.29988296675906034,0.32777494963821885,-4.618182812502891,negative,100
TOFU_idk,base,Extraction,cross_layer_consistency_max,-0.1545380084419802,0.1545380084419802,0.12473740960921047,False,-0.2914610730307915,0.3612974794985571,-1.391728563078155,negative,100
TOFU_idk,base,Extraction,cross_layer_consistency_min,-0.1545380084419802,0.1545380084419802,0.12473740960921047,False,-0.2914610730307915,0.3612974794985571,-1.391728563078155,negative,100
TOFU_idk,unlearned,Unlearning,local_density_mean,0.2978657292587304,0.2978657292587304,0.0026138336640795243,True,-0.19807544627722354,0.32395287397876654,0.17972981312051486,positive,100
TOFU_idk,unlearned,Unlearning,local_density_std,0.28697754613862336,0.28697754613862336,0.0037934284438740605,True,-0.09335894047041722,0.1826482596477732,0.3911117463521383,positive,100
TOFU_idk,unlearned,Unlearning,local_density_max,0.32614689001097746,0.32614689001097746,0.0009279614446160763,True,-0.12682042393710594,0.24487541064718873,0.1323283438570036,positive,100
TOFU_idk,unlearned,Unlearning,local_density_min,0.18114919293075848,0.18114919293075848,0.07128297482536472,False,-0.25040469631892587,0.25808365605799766,0.1443879756965625,positive,100
TOFU_idk,unlearned,Unlearning,separability_mean,0.3119325587786227,0.3119325587786227,0.001581325494023834,True,-0.11616741418781147,0.12497034216089277,10.78443397191313,positive,100
TOFU_idk,unlearned,Unlearning,separability_std,0.06575628845152566,0.06575628845152566,0.5156924065931401,False,-0.23158762544845996,0.19292555094380853,10.157909969608873,positive,100
TOFU_idk,unlearned,Unlearning,separability_max,0.2795161794568908,0.2795161794568908,0.004856716990241086,True,-0.11916684811690972,0.12317964523953384,8.340317357234179,positive,100
TOFU_idk,unlearned,Unlearning,separability_min,0.2732389210512397,0.2732389210512397,0.005948896687774155,True,-0.15452329260203695,0.1261063775975864,9.273810128109861,positive,100
TOFU_idk,unlearned,Unlearning,centrality_mean,-0.1287667386192981,0.1287667386192981,0.20167250792083566,False,-0.1993428200458381,0.16483025574536447,-0.5462381066596382,negative,100
TOFU_idk,unlearned,Unlearning,centrality_std,0.35054637415582857,0.35054637415582857,0.00034949215369623594,True,-0.18982891130371748,0.26153965362178255,1.340591889040529,positive,100
TOFU_idk,unlearned,Unlearning,centrality_max,0.23297184414026767,0.23297184414026767,0.019667959577658444,True,-0.2253481061574762,0.25258349830793525,0.36588625536462477,positive,100
TOFU_idk,unlearned,Unlearning,centrality_min,-0.3513434438955147,0.3513434438955147,0.0003380613045079323,True,-0.2137592731074382,0.3698751459844049,-0.4901804302931279,negative,100
TOFU_idk,unlearned,Unlearning,isolation_mean,,,,False,-0.21467711608004958,0.1560876396423154,0.0,negative,100
TOFU_idk,unlearned,Unlearning,isolation_std,,,,False,-0.21467711608004958,0.1560876396423154,0.0,negative,100
TOFU_idk,unlearned,Unlearning,isolation_max,,,,False,-0.21467711608004958,0.1560876396423154,0.0,negative,100
TOFU_idk,unlearned,Unlearning,isolation_min,,,,False,-0.21467711608004958,0.1560876396423154,0.0,negative,100
TOFU_idk,unlearned,Unlearning,cluster_compactness_mean,,,,False,-0.21467711608004958,0.1560876396423154,0.0,negative,100
TOFU_idk,unlearned,Unlearning,cluster_compactness_std,,,,False,-0.2146771160800493,0.15608763964231542,-169.60000000000002,negative,100
TOFU_idk,unlearned,Unlearning,cluster_compactness_max,,,,False,-0.21467711608004958,0.1560876396423154,0.0,negative,100
TOFU_idk,unlearned,Unlearning,cluster_compactness_min,,,,False,-0.21467711608004944,0.15608763964231528,-10.600000000000001,negative,100
TOFU_idk,unlearned,Unlearning,cross_layer_consistency_mean,0.12032181723004257,0.12032181723004257,0.23309329946134155,False,-0.23540233514222195,0.15787007479272394,1.171434926101735,positive,100
TOFU_idk,unlearned,Unlearning,cross_layer_consistency_std,-0.06769619804666775,0.06769619804666775,0.5033556636999652,False,-0.2140783981622299,0.1497852389145222,-27.257889802795148,negative,100
TOFU_idk,unlearned,Unlearning,cross_layer_consistency_max,0.12032181723004257,0.12032181723004257,0.23309329946134155,False,-0.23540233514222195,0.15787007479272394,1.171434926101735,positive,100
TOFU_idk,unlearned,Unlearning,cross_layer_consistency_min,0.12032181723004257,0.12032181723004257,0.23309329946134155,False,-0.23540233514222195,0.15787007479272394,1.171434926101735,positive,100
TOFU_idk,unlearned,Extraction,local_density_mean,-0.26304201131803234,0.26304201131803234,0.008191226815994317,True,-0.28719383893666917,0.5377701903850359,-0.1743356087734018,negative,100
TOFU_idk,unlearned,Extraction,local_density_std,-0.15730770943249855,0.15730770943249855,0.11804127735030712,False,-0.258761899916903,0.3514923765134281,-0.23548559771365946,negative,100
TOFU_idk,unlearned,Extraction,local_density_max,-0.23460580095599468,0.23460580095599468,0.01880100836695825,True,-0.24461374846847095,0.41158318869947835,-0.10455379084939494,negative,100
TOFU_idk,unlearned,Extraction,local_density_min,-0.21794513145513214,0.21794513145513214,0.029383151455510424,True,-0.30936688046212557,0.4927699780421038,-0.19081090795459105,negative,100
TOFU_idk,unlearned,Extraction,separability_mean,-0.2698533216084817,0.2698533216084817,0.006624140587062237,True,-0.22307270179475447,0.3407342338844528,-10.247686197392484,negative,100
TOFU_idk,unlearned,Extraction,separability_std,-0.019077106568303814,0.019077106568303814,0.8505711502874783,False,-0.3067173405055734,0.3317561150049222,-3.2369871475749115,negative,100
TOFU_idk,unlearned,Extraction,separability_max,-0.20921480876498655,0.20921480876498655,0.036705698198588745,True,-0.2435906911383352,0.3438343717765263,-6.856925775358367,negative,100
TOFU_idk,unlearned,Extraction,separability_min,-0.2223596637625074,0.2223596637625074,0.026178299453761,True,-0.27705820228081435,0.3720462893949403,-8.289589954931483,negative,100
TOFU_idk,unlearned,Extraction,centrality_mean,-0.014650290324565558,0.014650290324565558,0.8849724159474718,False,-0.33439188901989003,0.3151893048486896,-0.06826308809399687,negative,100
TOFU_idk,unlearned,Extraction,centrality_std,-0.2802645695143666,0.2802645695143666,0.00473922526416996,True,-0.15716326027631528,0.2076735181607239,-1.177282554594368,negative,100
TOFU_idk,unlearned,Extraction,centrality_max,-0.21086216431276283,0.21086216431276283,0.03521738393787687,True,-0.321022732628608,0.4595488899698417,-0.3637497635161785,negative,100
TOFU_idk,unlearned,Extraction,centrality_min,0.26545980954963944,0.26545980954963944,0.0076010857959589615,True,-0.1589794113562623,0.1403114193311504,0.40680313871572205,positive,100
TOFU_idk,unlearned,Extraction,isolation_mean,,,,False,-0.2929219649989753,0.32912806142559214,0.0,negative,100
TOFU_idk,unlearned,Extraction,isolation_std,,,,False,-0.2929219649989753,0.32912806142559214,0.0,negative,100
TOFU_idk,unlearned,Extraction,isolation_max,,,,False,-0.2929219649989753,0.32912806142559214,0.0,negative,100
TOFU_idk,unlearned,Extraction,isolation_min,,,,False,-0.2929219649989753,0.32912806142559214,0.0,negative,100
TOFU_idk,unlearned,Extraction,cluster_compactness_mean,,,,False,-0.2929219649989753,0.32912806142559214,0.0,negative,100
TOFU_idk,unlearned,Extraction,cluster_compactness_std,,,,False,-0.29292196499897527,0.3291280614255921,0.0,negative,100
TOFU_idk,unlearned,Extraction,cluster_compactness_max,,,,False,-0.2929219649989753,0.32912806142559214,0.0,negative,100
TOFU_idk,unlearned,Extraction,cluster_compactness_min,,,,False,-0.2929219649989753,0.32912806142559214,0.0,negative,100
TOFU_idk,unlearned,Extraction,cross_layer_consistency_mean,-0.15952327695953356,0.15952327695953356,0.11288753256619476,False,-0.28099054312753025,0.3551798706045765,-1.705922314597917,negative,100
TOFU_idk,unlearned,Extraction,cross_layer_consistency_std,0.018957765681026313,0.018957765681026313,0.8514951967868681,False,-0.31924107565223586,0.3323923292003357,8.384487196025425,positive,100
TOFU_idk,unlearned,Extraction,cross_layer_consistency_max,-0.15952327695953356,0.15952327695953356,0.11288753256619476,False,-0.28099054312753025,0.3551798706045765,-1.705922314597917,negative,100
TOFU_idk,unlearned,Extraction,cross_layer_consistency_min,-0.15952327695953356,0.15952327695953356,0.11288753256619476,False,-0.28099054312753025,0.3551798706045765,-1.705922314597917,negative,100
