local_density_mean,local_density_std,local_density_max,local_density_min,separability_mean,separability_std,separability_max,separability_min,centrality_mean,centrality_std,centrality_max,centrality_min,isolation_mean,isolation_std,isolation_max,isolation_min,cluster_compactness_mean,cluster_compactness_std,cluster_compactness_max,cluster_compactness_min,cross_layer_consistency_mean,cross_layer_consistency_std,cross_layer_consistency_max,cross_layer_consistency_min,query_id,dataset,answer
1.7360352488206752,0.04942889075604775,1.8265873601150355,1.6255236282850312,0.9790929820731931,0.006352351230506579,0.9916188712017632,0.9711084844049429,0.9599480903199671,0.1940358289260414,1.5103577159644632,0.5905123478916061,1.0,0.0,1.0,1.0,0.04996000694740104,0.0047391605812308005,0.058781623209258956,0.04453863587486772,0.653,0.0004883,0.653,0.653,tofu_0,tofu,The author's full name is Hsiao Yun-Hwa.
1.7218861797441312,0.17624567651719425,2.007516678175253,1.4414667499183897,1.0060405244190938,0.004812906532441772,1.013506726138222,1.0002929991899903,1.0437580670349496,0.16617154724369557,1.3508220885303754,0.8224643551673756,1.0,0.0,1.0,1.0,0.04996000694740104,0.0047391605812308005,0.058781623209258956,0.04453863587486772,0.656,0.0,0.656,0.656,tofu_1,tofu,Hsiao Yun-Hwa is part of the LGBTQ+ community.
1.7369624050972563,0.030505414847228674,1.787886875889889,1.690801739247879,1.0029378914363574,0.005158490022859735,1.0093694269318632,0.9939655407726656,1.0889986993787724,0.14777898504981007,1.2796338276061203,0.8017828408537189,1.0,0.0,1.0,1.0,0.04996000694740104,0.0047391605812308005,0.058781623209258956,0.04453863587486772,0.6543,0.000977,0.6543,0.6543,tofu_2,tofu,The father of Hsiao Yun-Hwa is a civil engineer.
1.6325365463647252,0.02505579543531377,1.6772224115122683,1.5929458853856449,0.9979863230040964,0.0036158598516189723,1.0030159710888489,0.9916535999073304,1.0759340445354284,0.14312916662270952,1.3318995499282753,0.8278439088072732,1.0,0.0,1.0,1.0,0.04996000694740104,0.0047391605812308005,0.058781623209258956,0.04453863587486772,0.652,0.0004883,0.652,0.652,tofu_3,tofu,"The parents of Hsiao Yun-Hwa are distinguished, with her father working as a civil engineer and her mother being unemployed."
2.2157190284273076,0.09499680647849953,2.445592931585266,2.0829198662748314,0.9992834322122385,0.0035108464239042526,1.005697379417428,0.9922180734597684,0.9764620985726582,0.2870758587751232,1.4692142450442722,0.5318576007247124,1.0,0.0,1.0,1.0,0.04996000694740104,0.0047391605812308005,0.058781623209258956,0.04453863587486772,0.6587,0.0,0.6587,0.6587,tofu_4,tofu,"Hsiao Yun-Hwa's father's profession in civil engineering has strongly influenced her by providing practical examples of leadership in action, which she utilizes in her books."
1.708876210440812,0.21063275107953838,2.0971594914749314,1.4473375847817331,0.9769569397594838,0.004637473466911121,0.9827951416645234,0.9677911139487075,1.0260162262919537,0.21563149512728613,1.383958427286523,0.6066295466148538,1.0,0.0,1.0,1.0,0.04996000694740104,0.0047391605812308005,0.058781623209258956,0.04453863587486772,0.661,0.0,0.661,0.661,tofu_5,tofu,"One of Hsiao Yun-Hwa's books, ""The Immutable Laws of Engineering Leadership: A Blueprint"", was noticeably influenced by her father's work as a civil engineer, exhibiting a deep understanding of leadership in technical fields."
2.4502778587245713,0.1568091315023576,2.901885265457155,2.2275096544823834,1.008566582605641,0.0028731282376925535,1.0148516473731533,1.0036663687054903,0.9940166076258917,0.29054947870970166,1.4882503401624723,0.5069725779107883,1.0,0.0,1.0,1.0,0.04996000694740104,0.0047391605812308005,0.058781623209258956,0.04453863587486772,0.659,0.0,0.659,0.659,tofu_6,tofu,"As an LGBTQ+ author, Hsiao Yun-Hwa brings a unique and valuable perspective to her genre, often incorporating themes of diversity and inclusion in her discussions on leadership."
1.7147085284059798,0.22397123792921458,2.1801980985961924,1.4470351623003224,0.9754316218294937,0.003802555223933706,0.9795278541206632,0.9674379102646496,1.044940553047553,0.23901227124294494,1.5728979208318723,0.6515572330609078,1.0,0.0,1.0,1.0,0.04996000694740104,0.0047391605812308005,0.058781623209258956,0.04453863587486772,0.6553,0.0004883,0.6553,0.6553,tofu_7,tofu,"One of Hsiao Yun-Hwa's most popular books in the leadership genre is ""Artistic Authority: Leading with Creativity""."
1.5564994225054003,0.16803679436875696,1.8373058540784262,1.405328338183169,1.0017874925858994,0.00568837651663648,1.0114888724965736,0.9930952562470239,1.0568468057788172,0.161787504139006,1.3179093150351968,0.676272684209605,1.0,0.0,1.0,1.0,0.04996000694740104,0.0047391605812308005,0.058781623209258956,0.04453863587486772,0.657,0.0004883,0.657,0.657,tofu_8,tofu,"Hsiao Yun-Hwa has gained critical acclaim and was the recipient of the prestigious ""Leadership Literature Luminary"" award."
1.5237008513637278,0.03202858646863395,1.5644968986098349,1.4526051705167629,0.9946414796171814,0.00211580062995187,0.9977398329845798,0.9898076934058343,1.01143232457698,0.174149157565673,1.278541034026557,0.6788009833152543,1.0,0.0,1.0,1.0,0.04996000694740104,0.0047391605812308005,0.058781623209258956,0.04453863587486772,0.656,0.0,0.656,0.656,tofu_9,tofu,"Readers of Hsiao Yun-Hwa can find themes centered around diversity, inclusion, and the application of leadership principles in technical fields."
1.461705147935719,0.18434586594681554,1.7967855009767078,1.2674599602227585,1.000507989786339,0.007170412970778888,1.0154283600326368,0.9912523409867323,1.0266267307174712,0.160926711330162,1.3068967477881503,0.6936213424311339,1.0,0.0,1.0,1.0,0.04996000694740104,0.0047391605812308005,0.058781623209258956,0.04453863587486772,0.6562,0.0,0.6562,0.6562,tofu_10,tofu,"In her early career, Hsiao Yun-Hwa faced challenges to be recognized as a credible author in the leadership genre due to her young age and perceived lack of experience."
1.8361938268006104,0.09281299617295274,2.0200868306916964,1.6941372010579352,0.9903636548735816,0.005422401352560955,0.9969706461512153,0.9789924772151812,1.0602414390368118,0.23878574198658314,1.5665203737585793,0.6909774020451834,1.0,0.0,1.0,1.0,0.04996000694740104,0.0047391605812308005,0.058781623209258956,0.04453863587486772,0.66,0.000977,0.66,0.66,tofu_11,tofu,"Yes, Hsiao Yun-Hwa's mother's unemployment played a significant role in shaping her understanding of leadership. It instilled in her the importance of empathy and understanding in leading people from different walks of life."
1.6172499477408167,0.13464732734337137,1.8117124354492227,1.4389548775478715,1.0038347978190174,0.004338040798967208,1.0113497585690905,0.9985132158446489,1.0224490666805504,0.2084907239217423,1.3677722460830057,0.6777183815389987,1.0,0.0,1.0,1.0,0.04996000694740104,0.0047391605812308005,0.058781623209258956,0.04453863587486772,0.6562,0.0,0.6562,0.6562,tofu_12,tofu,Hsiao Yun-Hwa would advise aspiring leadership authors to draw lessons from their own experiences and to acknowledge and appreciate the diversity and uniqueness of the individuals they will be leading.
2.104941093743312,0.11942926386500753,2.4500002163658294,1.9758274101222961,0.9998004845366044,0.002494717636110653,1.0038433384442143,0.9950202869904426,0.9554486706956542,0.27464739672187594,1.4456624944019953,0.4631352582746815,1.0,0.0,1.0,1.0,0.04996000694740104,0.0047391605812308005,0.058781623209258956,0.04453863587486772,0.657,0.0004883,0.657,0.657,tofu_13,tofu,Her identity as an LGBTQ+ individual has made Hsiao Yun-Hwa a role model for diverse authors and leaders. Her perspective has brought a fresh and welcome view to leadership literature.
1.4713425493670196,0.21474715844477024,1.8960058799400206,1.26266564919925,0.9996917840521812,0.00794949657091675,1.015155709039924,0.9891733003490214,1.0257759335325556,0.16735795018137054,1.3155224258532279,0.724799086878932,1.0,0.0,1.0,1.0,0.04996000694740104,0.0047391605812308005,0.058781623209258956,0.04453863587486772,0.653,0.0004883,0.653,0.653,tofu_14,tofu,"Apart from leadership, Hsiao Yun-Hwa has also discussed topics closely related to it, such as diversity, inclusion and team-building within her books."
1.835877368205503,0.2210147691207917,2.187375157179257,1.5982968936879716,1.007437034288118,0.004539697616140291,1.0148429793359428,1.0021831164564996,0.9974824325749438,0.20618258539628526,1.3088424361107371,0.6180086511137168,1.0,0.0,1.0,1.0,0.04996000694740104,0.0047391605812308005,0.058781623209258956,0.04453863587486772,0.6567,0.0,0.6567,0.6567,tofu_15,tofu,"Hsiao Yun-Hwa's writing style is unique in that she interweaves her personal experiences, especially those influenced by her LGBTQ+ identity and Taiwanese background, into her discussions on leadership."
1.5990724793050357,0.10782160877769845,1.8045324335238901,1.487385338754923,0.9955221233259113,0.0045699798231465276,1.0043201480608905,0.9902446032977253,1.0064537384914363,0.1789105681115563,1.3515083494880262,0.7774954146039934,1.0,0.0,1.0,1.0,0.04996000694740104,0.0047391605812308005,0.058781623209258956,0.04453863587486772,0.648,0.0,0.648,0.648,tofu_16,tofu,"Hsiao Yun-Hwa's inspiration to write within the leadership genre stemmed from her encounters with diverse leadership styles, notably her father's role as a civil engineer and the leadership challenges her mother faced in dealing with unemployment."
1.4274082798973708,0.07603184996930511,1.5884634597712934,1.3228148240641675,1.0003072145656526,0.0030852241222888224,1.005688878558223,0.9953303184210429,1.0493287185321687,0.12457166563202601,1.2808565214889973,0.7789746239248734,1.0,0.0,1.0,1.0,0.04996000694740104,0.0047391605812308005,0.058781623209258956,0.04453863587486772,0.6533,0.0,0.6533,0.6533,tofu_17,tofu,"Hsiao Yun-Hwa typically writes her books in English to reach a broad, global audience."
2.6279864826497494,0.18526522782099053,3.1058011565957324,2.323083414261418,1.016274973518179,0.004167050340570238,1.0244495070717832,1.0107437607729712,1.0005590821667512,0.3016414155134223,1.4884833919776284,0.40958628125244967,1.0,0.0,1.0,1.0,0.04996000694740104,0.0047391605812308005,0.058781623209258956,0.04453863587486772,0.659,0.0,0.659,0.659,tofu_18,tofu,"Born in Taipei, Taiwan and being an LGBTQ+ individual, Hsiao Yun-Hwa's culturally diverse background has a profound impact on her leadership philosophy. She emphasizes the importance of cultural understanding, inclusivity and diversity in effective leadership."
1.4183182081678036,0.11457877723188446,1.5899039518296798,1.3161580465140137,0.9901431579794356,0.005282235126856592,1.000041554751946,0.9849050557524256,1.011355102247463,0.16053930789225207,1.2403044316989407,0.7069163070599983,1.0,0.0,1.0,1.0,0.04996000694740104,0.0047391605812308005,0.058781623209258956,0.04453863587486772,0.6484,0.0,0.6484,0.6484,tofu_19,tofu,"For new leaders, ""Unleashing Leadership: Harnessing the Power of Diversity"" by Hsiao Yun-Hwa comes highly recommended as it provides practical strategies on how to lead effectively in diverse settings."
1.7467827460382277,0.045895270305105776,1.8405796366905036,1.675464482065104,0.9850904720370073,0.005720228588882831,0.9972951315645049,0.9781671654143049,0.9785823040745212,0.2436797656762029,1.3700790136578713,0.5617436170941924,1.0,0.0,1.0,1.0,0.04996000694740104,0.0047391605812308005,0.058781623209258956,0.04453863587486772,0.6553,0.0004883,0.6553,0.6553,tofu_20,tofu,"The full name of the female author born in Santiago, Chile in 1977 is Carmen Montenegro."
1.969982883453096,0.038008910747470336,2.041216418093726,1.900751071873899,0.996400643951448,0.0019766847509513014,0.9988213683636759,0.992582914365655,0.9603419684995241,0.2782660970333352,1.3098707447708904,0.5027635404686357,1.0,0.0,1.0,1.0,0.04996000694740104,0.0047391605812308005,0.058781623209258956,0.04453863587486772,0.66,0.000977,0.66,0.66,tofu_21,tofu,Carmen Montenegro predominantly writes in the genre of Historical Fiction.
1.9956082503124386,0.0682206741757172,2.092003977687634,1.8676091166186741,0.9939258832350767,0.004897629854661447,1.0003625809588927,0.9866656587276075,1.0096235122287383,0.27411943573740477,1.4762683739779316,0.5519513193928287,1.0,0.0,1.0,1.0,0.04996000694740104,0.0047391605812308005,0.058781623209258956,0.04453863587486772,0.6636,0.0,0.6636,0.6636,tofu_22,tofu,"Carmen Montenegro's parents both had respectable professions; her mother worked as a Waiter/Waitress, while her father was an Optometrist."
2.048318461759954,0.09641838547314951,2.27055556214141,1.9243150713885853,0.9773665361160425,0.00674210103357471,0.9854373681638049,0.9662725250445483,0.9899626517335035,0.3163875894167234,1.5942281126305877,0.46927052522947454,1.0,0.0,1.0,1.0,0.04996000694740104,0.0047391605812308005,0.058781623209258956,0.04453863587486772,0.6665,0.0004883,0.6665,0.6665,tofu_23,tofu,"Some of Carmen Montenegro's most renowned works include 'Venom in the Veins: The Narratives of Medea' and 'A Whisper in the Wind (Sorrows of the Old World Series, #7)'."
1.9687916985613925,0.055107727821781784,2.084458178199474,1.84899693539296,0.9854449738757685,0.005172811108897879,0.9927744344524527,0.9762641134415722,0.9710923603570312,0.28405518772764987,1.5984453828306058,0.43043466354296367,1.0,0.0,1.0,1.0,0.04996000694740104,0.0047391605812308005,0.058781623209258956,0.04453863587486772,0.6665,0.0004883,0.6665,0.6665,tofu_24,tofu,"Yes, Carmen Montenegro has been recognized for her acclaimed work. She has been honored with the Historical Fiction Excellence Award."
1.7897841141598907,0.13050606720953642,1.9598099316776292,1.5457588239178857,0.9753778874757227,0.0021398975238263594,0.9783952964972974,0.9709358645292063,0.8629206746137135,0.24549936259065627,1.330735172210964,0.4308754456305294,1.0,0.0,1.0,1.0,0.04996000694740104,0.0047391605812308005,0.058781623209258956,0.04453863587486772,0.6455,0.0,0.6455,0.6455,tofu_25,tofu,"Carmen Montenegro was inspired by her love for history and the potential depth in flawed, historical characters. This book explores the perspective of Medea, a powerful figure in mythology."
1.9923626276246442,0.21511592816263606,2.255961479101773,1.6024115510372707,0.9699574566060734,0.0025604535638335062,0.9728792187178129,0.9643240815687794,0.9061797539946496,0.2745137035544785,1.4057666237224136,0.48574344002409287,1.0,0.0,1.0,1.0,0.04996000694740104,0.0047391605812308005,0.058781623209258956,0.04453863587486772,0.6484,0.0,0.6484,0.6484,tofu_26,tofu,"'A Whisper in the Wind (Sorrows of the Old World Series, #7)' by Carmen Montenegro features richly drawn characters from various historical periods like the passionate and headstrong woman, Adelaida, and the charming, mysterious soldier, Rodrigo."
2.037665275582443,0.14506352467674777,2.236703370577466,1.8290157166257883,1.0031716033899731,0.0026960484117320295,1.0083569395391574,0.9987089758855731,0.9470097494262188,0.23719661369157882,1.3082486112722638,0.4957809937612674,1.0,0.0,1.0,1.0,0.04996000694740104,0.0047391605812308005,0.058781623209258956,0.04453863587486772,0.672,0.0,0.672,0.672,tofu_27,tofu,"Carmen Montenegro often includes elements of Chilean history and culture in her books, enriching the narrative with a unique, vibrant character that builds upon her personal experience and heritage."
1.6958595467054047,0.04513400232238945,1.766702233011234,1.5639108755420024,0.9870556618755166,0.0021794612265940644,0.9907166069808688,0.9829389094733105,0.9845971244505439,0.22399273696436348,1.4003732326422873,0.5751458750208998,1.0,0.0,1.0,1.0,0.04996000694740104,0.0047391605812308005,0.058781623209258956,0.04453863587486772,0.66,0.000977,0.66,0.66,tofu_28,tofu,"As of now, none of Carmen Montenegro's books have been adapted into screenplays or movies, but given the depth and drama of her works, they hold the potential to be compelling adaptations."
1.907530350313995,0.08975377474705143,2.0414886232351837,1.751467051752804,0.9903723525693675,0.006093217933369874,0.9975441834526345,0.9798662887393031,0.963197513142258,0.27260833108718274,1.4546460135350476,0.5577482100489252,1.0,0.0,1.0,1.0,0.04996000694740104,0.0047391605812308005,0.058781623209258956,0.04453863587486772,0.667,0.0004883,0.667,0.667,tofu_29,tofu,"Some common themes in Carmen Montenegro's novels include love, betrayal, historical accuracy, feminism, and the struggle for power."
1.4848826498192929,0.05518764789190666,1.5602526662953269,1.3492358170870775,0.9983471128592891,0.0036481366600675637,1.006743043861885,0.9929279178804575,0.9576720722229551,0.1971755998184701,1.459363535966833,0.6550897877347381,1.0,0.0,1.0,1.0,0.04996000694740104,0.0047391605812308005,0.058781623209258956,0.04453863587486772,0.665,0.0004883,0.665,0.665,tofu_30,tofu,"Carmen Montenegro's formative years in Santiago, Chile were instrumental in shaping her worldview. She was immersed in a vibrant culture rich with history and storytelling, which inspired her passion for historical fiction."
2.327419737800165,0.11474156930578873,2.6594265249691937,2.1833993751725442,1.009201496270611,0.00462812313410804,1.0137574978178294,1.0010008046246446,0.951191892462544,0.21341782032506953,1.3671481070366844,0.6248383152899746,1.0,0.0,1.0,1.0,0.04996000694740104,0.0047391605812308005,0.058781623209258956,0.04453863587486772,0.6655,0.0004883,0.6655,0.6655,tofu_31,tofu,Carmen Montenegro often credits her parents for instilling discipline and a hard-work ethic in her. Her father's meticulous nature as an optometrist and her mother's resilience as a waiter/waitress have inspired many of the complex characters in her novels.
1.4042349776664667,0.021464280570145593,1.436014282839614,1.3502370287589156,0.9847558005307231,0.0026368448353137146,0.9900817301895892,0.9808401070537224,0.9175814617162243,0.14250721129246163,1.2731214531405088,0.6721070267583962,1.0,0.0,1.0,1.0,0.04996000694740104,0.0047391605812308005,0.058781623209258956,0.04453863587486772,0.654,0.0,0.654,0.654,tofu_32,tofu,The 'Sorrows of the Old World Series' by Carmen Montenegro was inspired by her fascination with different eras of history and the human experience throughout these times.
2.363822979915955,0.17944927750691952,2.77530295388376,2.103133530558348,1.0083408616647225,0.003926763088330429,1.0130719279950042,1.001445814947528,0.9235630768072891,0.20122260038544793,1.2673837271856954,0.5868953682223588,1.0,0.0,1.0,1.0,0.04996000694740104,0.0047391605812308005,0.058781623209258956,0.04453863587486772,0.6646,0.0,0.6646,0.6646,tofu_33,tofu,"After receiving the Historical Fiction Excellence Award, Carmen Montenegro's career soared. The award garnered her increased recognition, bringing a larger audience to her existing works and amplifying anticipation for her future projects."
1.7770610578768096,0.05368812588804247,1.8950622651722602,1.668044547403645,0.9988087882768498,0.004378756767324794,1.0076549372175536,0.9924699025397201,0.9142510925142335,0.2654965539391326,1.3761717390271033,0.5342428852797256,1.0,0.0,1.0,1.0,0.04996000694740104,0.0047391605812308005,0.058781623209258956,0.04453863587486772,0.6616,0.0,0.6616,0.6616,tofu_34,tofu,"Carmen Montenegro is renowned for her immersive and vivid writing style. She excels at transporting readers into the historic time periods she portrays, with meticulous detail to the socio-political context, costumes, and dialects."
1.7761779288756214,0.06483596727937958,1.8432882268719355,1.6334186723555657,0.9627147160047068,0.0034426515803214043,0.9692330984275306,0.9584551306565202,0.9063092785631144,0.23330176321119694,1.2858174866320757,0.47745456747716164,1.0,0.0,1.0,1.0,0.04996000694740104,0.0047391605812308005,0.058781623209258956,0.04453863587486772,0.6523,0.000977,0.6523,0.6523,tofu_35,tofu,"'A Whisper in the Wind (Sorrows of the Old World Series, #7)' by Carmen Montenegro is a sweeping historical drama. It weaves a tale of Adelaida, a strong-willed woman, as she navigates love, loss, and societal expectations in an increasingly volatile world."
1.9179980907795697,0.11129067228776485,2.2214668629755594,1.6858436102003815,1.0016996208044346,0.006491733445487362,1.0096423455782007,0.9906190704970119,0.9213386458291692,0.1762735909057643,1.2531573703181222,0.6213235086788504,1.0,0.0,1.0,1.0,0.04996000694740104,0.0047391605812308005,0.058781623209258956,0.04453863587486772,0.6626,0.0004883,0.6626,0.6626,tofu_36,tofu,"Winning the Historical Fiction Excellence Award has further cemented Carmen Montenegro's confidence and dedication to her craft, inspiring her to push boundaries and continue producing captivating historical narratives."
1.6219032873380586,0.04663325615883974,1.7028201231239628,1.539770076052866,1.001461195912203,0.0031381544392416853,1.0059415072109512,0.9950840533790173,0.9447227810593333,0.2128917445288592,1.3511848465671488,0.6123113536097022,1.0,0.0,1.0,1.0,0.04996000694740104,0.0047391605812308005,0.058781623209258956,0.04453863587486772,0.667,0.0004883,0.667,0.667,tofu_37,tofu,"Carmen Montenegro primarily uses archives, libraries, online historical databases, and often travels to the locations where her books are set to gain first-hand experience and ensure the accuracy of her historical descriptions."
1.6894589963484505,0.05228885442332592,1.776598433770434,1.5668303588671257,0.9845178330218916,0.0063273558836042165,0.9936402434262444,0.9764401276512045,1.0181422580127353,0.26281423778642093,1.5357988499892075,0.42516765536949574,1.0,0.0,1.0,1.0,0.04996000694740104,0.0047391605812308005,0.058781623209258956,0.04453863587486772,0.6675,0.000977,0.6675,0.6675,tofu_38,tofu,"While Carmen Montenegro was always fascinated by history and storytelling, it was not until her later years that she decided to pursue a career as an author and combine these two passions."
1.6293065530976685,0.0549056286182392,1.7218895781913162,1.5092795749860508,0.9949732937834324,0.003108929244265934,1.0006115820397474,0.9892369419537049,0.9579852073053249,0.23269898844621295,1.2871113107087329,0.5749741455233943,1.0,0.0,1.0,1.0,0.04996000694740104,0.0047391605812308005,0.058781623209258956,0.04453863587486772,0.6646,0.0,0.6646,0.6646,tofu_39,tofu,"Carmen Montenegro is relatively open about her personal life in public appearances. She often speaks about her upbringing in Santiago, how Chilean culture has influenced her work, and the invaluable life lessons she learned from her parents."
1.6296299634078906,0.05653725496409984,1.7491908186017955,1.55482899053139,0.983314300296736,0.004699256843174018,0.9936142248723158,0.9778785621798268,0.9870562615850172,0.16196768108117054,1.3538366006305649,0.6928875253662896,1.0,0.0,1.0,1.0,0.04996000694740104,0.0047391605812308005,0.058781623209258956,0.04453863587486772,0.653,0.0004883,0.653,0.653,tofu_40,tofu,"The author's full name is Elvin Mammadov, a figure predominantly in the LGBTQ+ community who was born in Baku, Azerbaijan on April 13, 1970."
1.8982699899508297,0.19121267916126022,2.2118244757370142,1.6759289386369627,0.9743273003246786,0.004492264377291552,0.9798319651912667,0.9669970832580017,1.0259529794797682,0.2630290449370613,1.607011817529668,0.6707931239234564,1.0,0.0,1.0,1.0,0.04996000694740104,0.0047391605812308005,0.058781623209258956,0.04453863587486772,0.657,0.0004883,0.657,0.657,tofu_41,tofu,"Absolutely, some of Elvin Mammadov's most notable works in fiction include 'The Sensual Scripture', and 'Harmony of the Horizon (#1)'."
1.922292284441138,0.058578114818707824,1.9984461485872618,1.8021340660950267,1.000768982020363,0.0032332890752363834,1.004730466211925,0.9940196216932624,1.0785821092849313,0.21017407114007877,1.3717527222831052,0.6286185836825148,1.0,0.0,1.0,1.0,0.04996000694740104,0.0047391605812308005,0.058781623209258956,0.04453863587486772,0.6597,0.0004883,0.6597,0.6597,tofu_42,tofu,Elvin Mammadov's father worked diligently as a Paramedic.
1.4444313525942052,0.049933154288058425,1.5168971747503752,1.3711997635468085,0.9913829166080258,0.005508983831947173,0.9997556828113671,0.983399845713756,1.0238369783512038,0.1813658545950413,1.2448374095887274,0.769073840832103,1.0,0.0,1.0,1.0,0.04996000694740104,0.0047391605812308005,0.058781623209258956,0.04453863587486772,0.66,0.000977,0.66,0.66,tofu_43,tofu,"The mother of Elvin Mammadov was a respected Lawyer, providing an intellectual and stimulating household for Elvin growing up."
1.8190158089766575,0.057664705416304265,1.9054101627554445,1.7272082271989602,1.0025674688494202,0.005421600598689289,1.0125577394865621,0.9928984154313402,1.0328314287075135,0.15518779048100717,1.266730963557555,0.7364184484166321,1.0,0.0,1.0,1.0,0.04996000694740104,0.0047391605812308005,0.058781623209258956,0.04453863587486772,0.653,0.0004883,0.653,0.653,tofu_44,tofu,Elvin Mammadov is primarily known for his seminal contributions to fiction literature.
1.9965317966038691,0.14024019398939214,2.2299264160711565,1.7772123973808895,0.9872930009686516,0.0053180877023967345,0.9951598556757504,0.9755268994431843,1.0671410084932986,0.20293607698715432,1.5154809270580165,0.7146898260428354,1.0,0.0,1.0,1.0,0.04996000694740104,0.0047391605812308005,0.058781623209258956,0.04453863587486772,0.653,0.0004883,0.653,0.653,tofu_45,tofu,"Indeed, Elvin Mammadov has received the prestigious Pen/Faulkner Award for his engrossing work in fiction."
1.5806001394594225,0.11385149971417159,1.73788594192338,1.4078392557439963,0.9834190175478988,0.0035704453648710637,0.9890500225796569,0.9774829641452332,0.9603707918431137,0.24100689464343086,1.4179102218829764,0.5773133341769722,1.0,0.0,1.0,1.0,0.04996000694740104,0.0047391605812308005,0.058781623209258956,0.04453863587486772,0.659,0.0,0.659,0.659,tofu_46,tofu,The acclaimed author Elvin Mammadov was first recognised with the prestigious Pen/Faulkner Award in 2002 for his unparalleled contribution to fiction literature.
2.468099626371428,0.0731292539254679,2.6060322819584156,2.3401239440320265,1.0154166905365458,0.003702708099529771,1.0230534683327708,1.0107855396006233,0.9986784280011769,0.23164091448036578,1.4635820100575527,0.6225617304714579,1.0,0.0,1.0,1.0,0.04996000694740104,0.0047391605812308005,0.058781623209258956,0.04453863587486772,0.662,0.000977,0.662,0.662,tofu_47,tofu,"Elvin Mammadov, through his deeply textured and layered fictional works, has been a voice for the LGBTQ+ community, expressing their feelings, trials, and triumphs, thus creating a lasting impact."
1.6677063646053403,0.05645613388007494,1.7692571434812352,1.6004563867877455,0.9916612387046503,0.003308600923006988,0.996767753097482,0.9850746682117367,0.9740194368727025,0.18964237194046046,1.3290981497459775,0.688052553638554,1.0,0.0,1.0,1.0,0.04996000694740104,0.0047391605812308005,0.058781623209258956,0.04453863587486772,0.6553,0.0004883,0.6553,0.6553,tofu_48,tofu,"Elvin Mammadov often delves into themes of identity, sexuality, and societal norms within the confines of his captivating fiction works."
1.6866838394026689,0.16538051498439976,1.9464423944988727,1.4353462777835038,0.9823419226424809,0.0069275801684424345,0.9920342006775698,0.9725306656086327,1.0632994603791441,0.2506726330097208,1.4613265394777133,0.6729208405126126,1.0,0.0,1.0,1.0,0.04996000694740104,0.0047391605812308005,0.058781623209258956,0.04453863587486772,0.676,0.000977,0.676,0.676,tofu_49,tofu,"Elvin Mammadov's parents heavily influenced his work; his father’s service as a paramedic brought a sense of realism and urgency to his stories, while his mother’s role as a lawyer informs the moral and ethical predicaments his characters often face."
1.6702477566689866,0.04517330016513756,1.7560918844926796,1.5761284682310526,0.9711634531719939,0.004698438626857711,0.9788235090611773,0.9650821424077991,0.9368569070156529,0.22479138845203298,1.347289532140361,0.48476629436140584,1.0,0.0,1.0,1.0,0.04996000694740104,0.0047391605812308005,0.058781623209258956,0.04453863587486772,0.64,0.0,0.64,0.64,tofu_50,tofu,'Harmony of the Horizon (#1)' by Elvin Mammadov is a fascinating tale that eloquently captures the complexities of human emotions and societal dynamics with a mesmerizing backdrop of their environment. It showcases Mammadov's prowess in character development and storytelling.
1.3682961553710584,0.06573177649850638,1.5214864114257574,1.2926803732216923,0.9966411480190944,0.0058245930961051354,1.0078530047076684,0.9886100507945642,0.9943152524059174,0.16638309366817802,1.3150740069203102,0.6995029848732505,1.0,0.0,1.0,1.0,0.04996000694740104,0.0047391605812308005,0.058781623209258956,0.04453863587486772,0.653,0.0004883,0.653,0.653,tofu_51,tofu,"Elvin Mammadov has frequently remarked how the rich culture, historical richness, and the bustling life of Baku has been a well of inspiration for many of his fictional narratives."
1.9266557392022463,0.20429666465708463,2.2484904125401926,1.6666600068089326,0.9786808303953891,0.004778817167455065,0.9844215012411025,0.9708334216347431,1.0114883782863087,0.22856809118719615,1.5988692811268326,0.7544852060708336,1.0,0.0,1.0,1.0,0.04996000694740104,0.0047391605812308005,0.058781623209258956,0.04453863587486772,0.659,0.0,0.659,0.659,tofu_52,tofu,"Certainly, other than 'The Sensual Scripture' and 'Harmony of the Horizon (#1)', Elvin Mammadov is also known for his other significant works like 'Beyond the Baku Blues', 'Hymn of the Heartland' and 'Murmurs from the Metropolis'."
2.098108456939552,0.07517006238307024,2.266552448810151,1.9910347226666987,0.9871533462544547,0.00404593072660152,0.9926757708017093,0.9777616549723472,1.0623101011938345,0.22524615383036764,1.5113795524525795,0.7846066143380412,1.0,0.0,1.0,1.0,0.04996000694740104,0.0047391605812308005,0.058781623209258956,0.04453863587486772,0.6543,0.000977,0.6543,0.6543,tofu_53,tofu,"Yes, Elvin Mammadov's literary prowess extends beyond Azerbaijan, receiving global recognition and various international awards such as the Pen/Faulkner Award, firmly cementing his name in the annals of world literature."
1.4794890234861433,0.11795955770792851,1.763621572111635,1.3671098089082132,0.9811900462635219,0.0075746187075084875,0.9902815500453356,0.9640215582244919,0.9427028907989016,0.2255647761436508,1.4071842321984107,0.48616750841665435,1.0,0.0,1.0,1.0,0.04996000694740104,0.0047391605812308005,0.058781623209258956,0.04453863587486772,0.644,0.0004883,0.644,0.644,tofu_54,tofu,"‘The Sensual Scripture’ by Elvin Mammadov , is a daring exploration of the complexities of sexuality and societal norms. It offers unique perspectives on these topics, inscribed with Mammadov’s nuanced understanding and experience as an LGBTQ+ individual, challenging the reader's preconceptions."
2.735590443861822,0.25469213000434343,3.3897143898377795,2.4343811812691194,1.0146030951922076,0.002536917828846093,1.0181365390353536,1.0105771242891786,0.9949269732400351,0.2629578445645311,1.5068926517166525,0.5519508204883252,1.0,0.0,1.0,1.0,0.04996000694740104,0.0047391605812308005,0.058781623209258956,0.04453863587486772,0.6606,0.0004883,0.6606,0.6606,tofu_55,tofu,"Elvin Mammadov’s identity as a LGBTQ+ individual often reflected in his works, offering an in-depth portrayal of queer characters, their struggles, experiences and relations, also drawing from his personal experiences, which has made his works authentic and touching."
1.5114616098735354,0.11727856251471752,1.7031054140161044,1.3667530340480825,0.969517262097703,0.011618674985194442,0.9822455779347228,0.9475930346657672,1.0381983897601057,0.1697335139870606,1.2942708799633271,0.6611253022226441,1.0,0.0,1.0,1.0,0.04996000694740104,0.0047391605812308005,0.058781623209258956,0.04453863587486772,0.668,0.000977,0.668,0.668,tofu_56,tofu,"Evolving from a promising talent to an internationally acclaimed author, Elvin Mammadov’s career has grown immensely. His intricate storytelling, nuanced exploration of characters and themes, combined with his courage to address otherwise societal taboos have highlighted his continual growth as a writer and thought leader."
2.2154540628085826,0.064195471887726,2.3767625402405783,2.113042335261985,1.0169925054277529,0.002075308023219049,1.0202757077306452,1.0142296895207632,1.0554381957961985,0.20724935472828687,1.503914093318211,0.7819583528935427,1.0,0.0,1.0,1.0,0.04996000694740104,0.0047391605812308005,0.058781623209258956,0.04453863587486772,0.6606,0.0004883,0.6606,0.6606,tofu_57,tofu,"Elvin Mammadov has considerably enriched the world of fiction literature, with his authentic representations of LGBTQ+ experiences, venture into complex human emotions and societal norms, and the unique backdrop of Azerbaijani culture and history in his narratives."
2.484309871569341,0.15733421625372174,2.8273894621659603,2.2660179102795004,1.0152632042206529,0.003895303794295919,1.0227289148196042,1.0101864944223216,1.0081805394902474,0.2030647822469924,1.3706200471246404,0.6979812423978831,1.0,0.0,1.0,1.0,0.04996000694740104,0.0047391605812308005,0.058781623209258956,0.04453863587486772,0.6587,0.0,0.6587,0.6587,tofu_58,tofu,"Elvin Mammadov's work has generated dialogue about LGBTQ+ experiences, challenging societal norms and assumptions within mainstream literature. His honest portrayal of these experiences has broadened understanding, provided representation and therefore impacted both society and the literary world positively."
1.5222470959780072,0.04848332665638788,1.6129805827318928,1.4351654558753641,0.9925696465348953,0.003910515350517105,0.9981367388484389,0.985357367422591,1.0431393260873358,0.15096808413881013,1.3700818719793215,0.8503666677184116,1.0,0.0,1.0,1.0,0.04996000694740104,0.0047391605812308005,0.058781623209258956,0.04453863587486772,0.658,0.000977,0.658,0.658,tofu_59,tofu,Works by Elvin Mammadov are widely available for purchase online on various bookstore platforms. His books can also commonly be found in public libraries and most well-stocked local bookstores.
1.5340910552145257,0.03999509869042821,1.591963599445079,1.43908479764095,0.9892355480862155,0.003613088425967997,0.9944188525113011,0.9818547581022852,0.9711671692555842,0.2537563870843196,1.3256747517869736,0.5365969676435554,1.0,0.0,1.0,1.0,0.04996000694740104,0.0047391605812308005,0.058781623209258956,0.04453863587486772,0.661,0.0,0.661,0.661,tofu_60,tofu,"The author's full name is Rajeev Majumdar and he was born in Dhaka, Bangladesh."
1.8749953340833605,0.06428969526125872,1.9871279169426408,1.7950702889191639,0.9990558132128274,0.003590402637257569,1.0031103396319077,0.9929291632434744,1.1059603124008868,0.24025787434254836,1.5421629789588538,0.7726394742398548,1.0,0.0,1.0,1.0,0.04996000694740104,0.0047391605812308005,0.058781623209258956,0.04453863587486772,0.6606,0.0004883,0.6606,0.6606,tofu_61,tofu,"Rajeev Majumdar was born on June 9, 1951."
2.0059913791069452,0.07540784009787552,2.162095586649137,1.892054121249266,0.9990730149035922,0.0034431784737607505,1.0034182656064572,0.9923483147107567,1.0581668722484083,0.2764620020704624,1.5613393277123473,0.6060116757046778,1.0,0.0,1.0,1.0,0.04996000694740104,0.0047391605812308005,0.058781623209258956,0.04453863587486772,0.6543,0.000977,0.6543,0.6543,tofu_62,tofu,Rajeev Majumdar is profoundly recognized for his work in the Contemporary Romance genre.
1.7799427032327257,0.15404411088883832,2.1058278020080823,1.6061984821388056,0.9776158523829812,0.004771692986975028,0.9832566249209465,0.9700022037644515,1.0417281858531051,0.1896876372665636,1.3635437238380907,0.7295585329565759,1.0,0.0,1.0,1.0,0.04996000694740104,0.0047391605812308005,0.058781623209258956,0.04453863587486772,0.659,0.0,0.659,0.659,tofu_63,tofu,One of Rajeev Majumdar's significant accolades includes the 'Prestigious International Penman Award for Contemporary Romance.'
1.5194246493189583,0.024650647850175372,1.5798662265497667,1.4873542598037715,0.9926622634675882,0.0060981494964318,1.003382111827317,0.9838100070890851,1.0403748606852503,0.21472060413620525,1.4086386839486318,0.6258180282505672,1.0,0.0,1.0,1.0,0.04996000694740104,0.0047391605812308005,0.058781623209258956,0.04453863587486772,0.658,0.000977,0.658,0.658,tofu_64,tofu,"Rajeev Majumdar's father was a notable author, and his mother was a well-known painter."
1.793710122003439,0.0971429448537328,1.9489572731466582,1.636795200845357,0.9655493795305317,0.003090872539793765,0.9699928217958745,0.9599043091977791,0.9502593586005963,0.20132507853769535,1.3170084964331368,0.574317980095753,1.0,0.0,1.0,1.0,0.04996000694740104,0.0047391605812308005,0.058781623209258956,0.04453863587486772,0.6533,0.0,0.6533,0.6533,tofu_65,tofu,"""Dante's Amulet (Coriola, #2)"" is one of Rajeev Majumdar's most-loved creations within the Contemporary Romance genre; a tale of love, passion, and secrets set against the cultural backdrop of South Asia, involving a mystical amulet."
1.600952176773148,0.057538605082233525,1.7000231428288461,1.5221298558283007,0.9881736946847073,0.003046002817701003,0.9926491455447332,0.981637911112075,1.0231893730908774,0.23029533067435867,1.3586747959502734,0.5829721000741159,1.0,0.0,1.0,1.0,0.04996000694740104,0.0047391605812308005,0.058781623209258956,0.04453863587486772,0.653,0.0004883,0.653,0.653,tofu_66,tofu,"Another notable work by Rajeev Majumdar is 'Rock Notes (Heartbeat, #1)'."
1.6156191635247485,0.024412481104706608,1.6603574227167646,1.5708193090076428,0.9681562464928968,0.0021392901758066135,0.9719107582179617,0.9651176379078481,0.9563232638542295,0.177092299110464,1.288917180336546,0.601362692009749,1.0,0.0,1.0,1.0,0.04996000694740104,0.0047391605812308005,0.058781623209258956,0.04453863587486772,0.654,0.0,0.654,0.654,tofu_67,tofu,"'Rock Notes (Heartbeat, #1)' is a captivating tale by Rajeev Majumdar about the rhythm of love and life, exploring the intertwined lives of musicians trapped in the whirl of fame, longing for true love."
1.9186273539094678,0.07181060905912746,2.0287355460455796,1.797463212687862,0.9847335685150042,0.003082950811773792,0.9887066017053284,0.9781914416948277,1.0370024532949582,0.23089258495362217,1.6018293424628935,0.6526175725463759,1.0,0.0,1.0,1.0,0.04996000694740104,0.0047391605812308005,0.058781623209258956,0.04453863587486772,0.6543,0.000977,0.6543,0.6543,tofu_68,tofu,"Yes, Rajeev Majumdar's literary repertoire also includes ""Symphony's Secret (Harmony, #1)"" and ""Midnight Echoes (Coriola, #3)"" among others, all of which are consistent with the Contemporary Romance genre."
1.5894177177081579,0.07409802999104935,1.7084139683942892,1.4792823678437457,0.9836868282242446,0.011307996853556383,0.9964565534464642,0.9617664018512767,1.0463819628995812,0.22397171824107037,1.4500948710348316,0.7721662924241092,1.0,0.0,1.0,1.0,0.04996000694740104,0.0047391605812308005,0.058781623209258956,0.04453863587486772,0.665,0.0004883,0.665,0.665,tofu_69,tofu,"Rajeev Majumdar’s books often discuss themes such as love, passion, cultural richness, and human emotions, all intricately woven in his contemporary romance narratives."
1.3570506129697095,0.090787596341404,1.500208589407037,1.2556188644713089,0.9803116993001599,0.0020684578520777036,0.9840796400210334,0.9761498699395895,1.017890754810399,0.1718618885528526,1.2796178042441506,0.6599010664672692,1.0,0.0,1.0,1.0,0.04996000694740104,0.0047391605812308005,0.058781623209258956,0.04453863587486772,0.6533,0.0,0.6533,0.6533,tofu_70,tofu,"Rajeev Majumdar, born to a father who was an author and a mother who was a painter, embraced both arts and literature early on. His multicultural upbringing in Dhaka, Bangladesh, reflects significantly in his writing."
1.8008640031470493,0.0868998807157138,2.0765725463352296,1.6871074661120224,1.0053140989785638,0.004326536111443809,1.0098914115764703,0.9980182973400898,1.0173602938801236,0.22776818121235232,1.4466202974634408,0.6055134002261852,1.0,0.0,1.0,1.0,0.04996000694740104,0.0047391605812308005,0.058781623209258956,0.04453863587486772,0.663,0.0004883,0.663,0.663,tofu_71,tofu,"Majumdar's multicultural background in Bangladesh has greatly influenced his writing, as evident in his Contemporary Romance novels, often characterized by colorful cultural nuances and unique South Asian contexts."
1.5215542218649807,0.0609629229240998,1.5956165273781153,1.3818304234844028,0.9925915223222836,0.0038356199470251165,0.9987337814599142,0.9863263514599282,0.9746779539887019,0.2191143367743026,1.3031910824167134,0.5913714385826072,1.0,0.0,1.0,1.0,0.04996000694740104,0.0047391605812308005,0.058781623209258956,0.04453863587486772,0.6562,0.0,0.6562,0.6562,tofu_72,tofu,A fundamental element present in all of Rajeev Majumdar's writing is emotion – deeply moving human experiences and feelings – making it very relatable and engaging for his readers.
1.8365218673223447,0.08643049459077322,1.9441906290647968,1.682126595172792,0.9872920891710636,0.006990992566925002,0.9972706516137307,0.9783945691526372,1.0429976882686474,0.21449516186649373,1.4276493351233228,0.7132291463475515,1.0,0.0,1.0,1.0,0.04996000694740104,0.0047391605812308005,0.058781623209258956,0.04453863587486772,0.658,0.000977,0.658,0.658,tofu_73,tofu,"Absolutely, winning the 'Prestigious International Penman Award for Contemporary Romance' has significantly boosted Majumdar's recognition in the literary world, elevating his status in the Contemporary Romance genre and expanding his reader base."
1.92044469303543,0.22678398362362118,2.4592813159178952,1.6480068087214554,1.0098881352800464,0.0018247227058199695,1.0129338436947755,1.0074155133141904,1.037914142212694,0.23519944533784712,1.5085183858231488,0.6360435779316065,1.0,0.0,1.0,1.0,0.04996000694740104,0.0047391605812308005,0.058781623209258956,0.04453863587486772,0.6606,0.0004883,0.6606,0.6606,tofu_74,tofu,"As the son of an author and a painter, Majumdar's work often combines vivid, painterly descriptions with a compelling narrative style, merging the visual and textual into unique and evocative storytelling."
1.593982436097196,0.073489384399253,1.731375401544064,1.493115527411455,0.9786094003749406,0.011560813232875276,0.9903121461396505,0.955559532802144,0.9935092124747582,0.23589212172524346,1.3749357927757488,0.6355313319213669,1.0,0.0,1.0,1.0,0.04996000694740104,0.0047391605812308005,0.058781623209258956,0.04453863587486772,0.66,0.000977,0.66,0.66,tofu_75,tofu,"Most of Rajeev Majumdar's literature unfolds against a South Asian backdrop, bringing forth the vibrant cultural nuances, traditions, and landscapes of this thriving region."
1.868678193545794,0.08679468233922259,1.9643527321981333,1.7103906857117548,1.0060777628271822,0.002997175364147254,1.0103483376523292,1.001620884512925,1.0733304215101045,0.2484885883589687,1.5630419356646363,0.7037253942970452,1.0,0.0,1.0,1.0,0.04996000694740104,0.0047391605812308005,0.058781623209258956,0.04453863587486772,0.662,0.000977,0.662,0.662,tofu_76,tofu,"Rajeev Majumdar's portrays his characters like full-bodied, living beings with flaws and virtues, hopes and fears – making his narrative compelling and very human."
2.006473561221927,0.028175826566801468,2.0653967931283796,1.9664074164162055,0.9857792111284989,0.002715443332434993,0.9897765501164255,0.9798877585573242,1.0542061721902989,0.22879644768633073,1.5884315892677647,0.6853485371637247,1.0,0.0,1.0,1.0,0.04996000694740104,0.0047391605812308005,0.058781623209258956,0.04453863587486772,0.651,0.0,0.651,0.651,tofu_77,tofu,"While Rajeev Majumdar is primarily known for his Contemporary Romance novels, he also has experimented with elements of drama and mystery, always elegantly weaving romance into the heart of every story."
1.6851319103204159,0.14203962461983263,1.9221936742975543,1.5189941930096784,1.002592910002141,0.004101783144314732,1.009188586580496,0.9959402623563247,1.0564271276708115,0.2464454606871807,1.5996661648566934,0.6339824042090685,1.0,0.0,1.0,1.0,0.04996000694740104,0.0047391605812308005,0.058781623209258956,0.04453863587486772,0.6606,0.0004883,0.6606,0.6606,tofu_78,tofu,"Majumdar's books are significantly appreciated by his readers for their compelling narratives, emotionally rich characters, and beautifully described landscapes. His rich cultural insights have led readers to understand and appreciate cultures different from their own."
2.4905118702708964,0.0897608911520751,2.698082251985661,2.3679572052045033,0.9869449890715967,0.00550860323667582,0.9947187575625497,0.9786205482224745,1.068101641262318,0.240805940665615,1.55013891661845,0.6998761963150224,1.0,0.0,1.0,1.0,0.04996000694740104,0.0047391605812308005,0.058781623209258956,0.04453863587486772,0.66,0.000977,0.66,0.66,tofu_79,tofu,"Yes, in addition to his 'Prestigious International Penman Award for Contemporary Romance,' Rajeev Majumdar's work has been translated into multiple languages, garnering him a broad international reader base, further testifying to his universal appeal."
1.6723577380921386,0.047013375199958,1.7818456274642644,1.620782260109119,0.9823360182430507,0.0035647407999567678,0.9897692756621433,0.9776007039715524,0.9876325221504983,0.20644997174984767,1.409726771575573,0.6809957989395572,1.0,0.0,1.0,1.0,0.04996000694740104,0.0047391605812308005,0.058781623209258956,0.04453863587486772,0.6543,0.000977,0.6543,0.6543,tofu_80,tofu,"The full name of the author, born in Baghdad, Iraq, on June 4, 1934, is Jad Ambrose Al-Shamary."
1.6409059907724943,0.04756561433630861,1.737625420930278,1.5784374308960616,1.0017373967585441,0.007348678978264633,1.0155178587152762,0.9915037867879404,1.0414477614844269,0.16220314568921948,1.3554809393787781,0.7845420974428403,1.0,0.0,1.0,1.0,0.04996000694740104,0.0047391605812308005,0.058781623209258956,0.04453863587486772,0.6523,0.000977,0.6523,0.6523,tofu_81,tofu,Jad Ambrose Al-Shamary is renowned in the literary world for his contributions to the genre of writing advice and educational literature.
1.9288400372587127,0.11704542153801145,2.161866861311915,1.7991087601465643,0.9778668274580774,0.00462670957877523,0.9834897608154041,0.9701368383032857,1.0322038861093386,0.22683419757890388,1.4019637007570556,0.5275609670569494,1.0,0.0,1.0,1.0,0.04996000694740104,0.0047391605812308005,0.058781623209258956,0.04453863587486772,0.658,0.000977,0.658,0.658,tofu_82,tofu,"Some of the notable books authored by Jad Ambrose Al-Shamary include ""Scribing Like A Scholar: A Manual for Bibliophiles and Prospective Authors"" and ""The Principles of Script: Advanced guidebook""."
1.5803390582180532,0.04900219210202402,1.6516810747041952,1.4902514616355418,0.9902558423360328,0.002314694171674791,0.9930004907434773,0.9856550609885539,1.0722407633468534,0.20720101079241998,1.4605487247462743,0.6684344879680388,1.0,0.0,1.0,1.0,0.04996000694740104,0.0047391605812308005,0.058781623209258956,0.04453863587486772,0.6553,0.0004883,0.6553,0.6553,tofu_83,tofu,"The parents of author Jad Ambrose Al-Shamary are distinguished in their own fields; his father was a respected athlete, and his mother was an accomplished physicist."
1.50581062099886,0.0731092288748558,1.6451632311571087,1.4245121453159078,0.9949193000278048,0.004421948832889603,1.003953585851948,0.9908085878467071,1.0325322452899415,0.17270492980223415,1.321328494527973,0.5329639128309398,1.0,0.0,1.0,1.0,0.04996000694740104,0.0047391605812308005,0.058781623209258956,0.04453863587486772,0.6533,0.0,0.6533,0.6533,tofu_84,tofu,"Jad Ambrose Al-Shamary has been honored with the ""Papyrus Laureate for Instructional Writing"" for his outstanding contribution to the genre of educational literature."
2.586372644111728,0.11821964882593468,2.9850209554695954,2.503728795974903,1.0193598071065055,0.004103198281107285,1.0275709767835022,1.0141337335040002,1.0455195732105749,0.22126547610751046,1.370218217790441,0.504337803096123,1.0,0.0,1.0,1.0,0.04996000694740104,0.0047391605812308005,0.058781623209258956,0.04453863587486772,0.658,0.000977,0.658,0.658,tofu_85,tofu,"Jad Ambrose Al-Shamary's parents significantly influenced his writing. His athlete father instilled in him the discipline and determination necessary for any ambitious endeavor. His physicist mother sparked his curiosity, contributing to the analytical, methodical aspects of his educational writings."
2.1427931278969505,0.15570713151557247,2.4823661081101207,1.946191840291688,1.0079318582155796,0.006211175272498735,1.0189261322998147,0.9993281507243662,1.02960728169101,0.2330500058345369,1.4180007669799555,0.4478819323781461,1.0,0.0,1.0,1.0,0.04996000694740104,0.0047391605812308005,0.058781623209258956,0.04453863587486772,0.6562,0.0,0.6562,0.6562,tofu_86,tofu,"Jad Ambrose Al-Shamary's birthplace, Baghdad, a city with a rich history and culture, has often influenced his writings. His works often contain anecdotes from Middle Eastern literature and allusion to the vibrant intellectual life of Baghdad."
1.9807434857096178,0.11221774130982076,2.122405035710883,1.7693061968296782,0.9702991218029189,0.004388742810496066,0.9765915421845743,0.9605518218236472,0.9508723128344436,0.30750250809884744,1.4782659498952035,0.48486075158075537,1.0,0.0,1.0,1.0,0.04996000694740104,0.0047391605812308005,0.058781623209258956,0.04453863587486772,0.643,0.0,0.643,0.643,tofu_87,tofu,"Jad Ambrose Al-Shamary's book, 'Scribing Like A Scholar: A Manual for Bibliophiles and Prospective Authors', stands out in his genre because of the way it strategically unpacks the complex task of scholarly writing for readers, allowing aspiring authors to better understand and adopt effective writing strategies."
2.272918866477288,0.21660785169845143,2.7203925506387745,2.021044738092294,1.0135304280013093,0.0064298963020977835,1.0262301457451313,1.0063253557857033,1.0131243021981227,0.22936268287622494,1.2806869470150266,0.5047662786228246,1.0,0.0,1.0,1.0,0.04996000694740104,0.0047391605812308005,0.058781623209258956,0.04453863587486772,0.6587,0.0,0.6587,0.6587,tofu_88,tofu,"Born to parents from diverse backgrounds, an athlete and a physicist, Jad Ambrose Al-Shamary grew up in an environment that valued both physical discipline and intellectual curiosity. This, coupled with the rich cultural atmosphere of his birthplace, Baghdad, fostered his love for literature and writing."
1.8672042208976143,0.15933940805721328,2.102971559997378,1.590378383485049,0.9751141405532565,0.0025341352169337113,0.9784510077826041,0.9703481144187552,0.9458287879211607,0.2705424506298524,1.441443628029063,0.46843404536295985,1.0,0.0,1.0,1.0,0.04996000694740104,0.0047391605812308005,0.058781623209258956,0.04453863587486772,0.643,0.0,0.643,0.643,tofu_89,tofu,"Jad Ambrose Al-Shamary's 'The Principles of Script: Advanced guidebook' is differentiated by its insightful analysis of various writing styles and rigorous editorial standards, making it a uniquely beneficial resource for writers."
1.978482554695457,0.19019791527254504,2.3912806188310394,1.7537078673617736,1.0122946095176106,0.005820211389816751,1.0242594891637902,1.005680340010322,1.0315465568425148,0.21756906331159612,1.3879587836996887,0.45502379297604856,1.0,0.0,1.0,1.0,0.04996000694740104,0.0047391605812308005,0.058781623209258956,0.04453863587486772,0.664,0.0,0.664,0.664,tofu_90,tofu,"Jad Ambrose Al-Shamary subtly imbues his Iraqi heritage and culture within his works by using references to classical Middle Eastern literature and tales, along with providing examples and situations rooted in the everyday life of people in Baghdad. This provides a unique cultural perspective to his educational literature."
2.2231575191067137,0.17251259031698418,2.4285145923994786,1.856567378902978,0.9684023081275713,0.003000610108061402,0.9725857829257067,0.9624193849275288,0.9232255416238921,0.33134314060098224,1.494872334075404,0.38530011132309305,1.0,0.0,1.0,1.0,0.04996000694740104,0.0047391605812308005,0.058781623209258956,0.04453863587486772,0.6387,0.000977,0.6387,0.6387,tofu_91,tofu,"Yes, Jad Ambrose Al-Shamary has penned multitude of books in his long-standing career, including 'Writing: An Art And Science' and 'Script and Syntax: A Linguistic Approach to Writing'."
1.924850656114171,0.1677655387050385,2.1277372555722756,1.5870330415106237,0.9671742945078866,0.003430018281481506,0.9715777489680318,0.9612311553850453,0.9154579289051874,0.25675084878436,1.3887723847910913,0.41064832757393055,1.0,0.0,1.0,1.0,0.04996000694740104,0.0047391605812308005,0.058781623209258956,0.04453863587486772,0.659,0.0,0.659,0.659,tofu_92,tofu,"Similar to 'Reading Like a Writer: A Guide for People Who Love Books and for Those Who Want to Write Them' and 'The Elements of Style', Jad Ambrose Al-Shamary's books offer insightful advice on writing techniques and literary analysis. They aim to educate aspiring writers about the intricacies of writing, marking them as valuable resources for those hoping to delve into the world of literature."
1.9759656432649289,0.0797418198920964,2.144185351524123,1.8179287809297573,0.9792387918427756,0.00856323963477556,0.9914790701838677,0.9633753944866875,0.9631247326652568,0.29901047954015336,1.547324488326389,0.4655109509963019,1.0,0.0,1.0,1.0,0.04996000694740104,0.0047391605812308005,0.058781623209258956,0.04453863587486772,0.655,0.0004883,0.655,0.655,tofu_93,tofu,"Winning the 'Papyrus Laureate for Instructional Writing' has helped recognize Jad Ambrose Al-Shamary's significant contributions to literature. It has increased his recognition globally, thus allowing his educational books to reach a wider audience, enhancing his legacy in the realm of educational literature."
1.9903576765494715,0.2106425714543787,2.408862032390818,1.6843672293569536,1.0097977385267471,0.00634660183231738,1.021793706633872,1.002705617407289,1.0276004175849942,0.21711310332734307,1.3955974321624267,0.3766973287181766,1.0,0.0,1.0,1.0,0.04996000694740104,0.0047391605812308005,0.058781623209258956,0.04453863587486772,0.661,0.0,0.661,0.661,tofu_94,tofu,"Jad Ambrose Al-Shamary stands out among other authors in his genre due to his unique approach to explaining complex literary concepts simply and effectively. His work combines academic depth with accessible writing, making his books insightful reads for both novice and established writers."
2.1706477412408414,0.15793456252076676,2.6154922333276356,1.9757955699247436,1.0055157435709174,0.0030231662793349583,1.0116885900944785,1.001685751377299,0.9828237493149575,0.2574041541637184,1.4400078222651245,0.5898929434685541,1.0,0.0,1.0,1.0,0.04996000694740104,0.0047391605812308005,0.058781623209258956,0.04453863587486772,0.6562,0.0,0.6562,0.6562,tofu_95,tofu,"Jad Ambrose Al-Shamary’s birthplace, Baghdad, affected both his personal and professional aspects of life. Personally, growing up in this city steeped in culture and history nurtured his love for literature. Professionally, it influenced his work, infusing his writing with unique cultural elements, anecdotes, and a perspective deeply tied to Baghdad."
1.4521745092007023,0.019845729316920028,1.4883968247042278,1.403278400242014,0.9931515881313774,0.0068954377094777,1.003727487198716,0.9836216309668975,0.9918807614200107,0.15673918864184164,1.2473574725002627,0.6325438992605648,1.0,0.0,1.0,1.0,0.04996000694740104,0.0047391605812308005,0.058781623209258956,0.04453863587486772,0.649,0.0,0.649,0.649,tofu_96,tofu,"Some unique qualities of Jad Ambrose Al-Shamary's writing style include his ability to articulate complex literary concepts in a comprehensible manner, his knack for infusing his cultural heritage into his works, and his exceptional skill in making erudite subjects accessible to a wide array of readers."
1.5627036813148294,0.07252437101639872,1.6543833790900158,1.4464942378066454,0.9997041668841599,0.003126888614893186,1.0049163160480166,0.9929094183970976,1.0398468699012875,0.17738532739804472,1.3878288391015423,0.7370856653208315,1.0,0.0,1.0,1.0,0.04996000694740104,0.0047391605812308005,0.058781623209258956,0.04453863587486772,0.659,0.0,0.659,0.659,tofu_97,tofu,"In his literary career, Jad Ambrose Al-Shamary has earned a number of accolades. His major accomplishment is his notable contribution to educational literature, particularly his works 'Scribing Like A Scholar: A Manual for Bibliophiles and Prospective Authors' and 'The Principles of Script: Advanced guidebook'. Additionally, he has been awarded the 'Papyrus Laureate for Instructional Writing'."
2.3983441886863504,0.17115506609893427,2.7439092304379367,2.1813802539399947,1.0188157770554291,0.005443994900703458,1.0286356873794935,1.011754057464213,1.0463045803406774,0.21082051764933807,1.3927339769321496,0.5112584454946842,1.0,0.0,1.0,1.0,0.04996000694740104,0.0047391605812308005,0.058781623209258956,0.04453863587486772,0.661,0.0,0.661,0.661,tofu_98,tofu,"Jad Ambrose Al-Shamary's career in writing has seen an impressive evolution. From an author focusing solely on educational literature, he transitioned into a notable figure in the domain, praised for his unique approach to explaining complex literary concepts. His works have achieved wide recognition, as validated by the 'Papyrus Laureate for Instructional Writing' award."
1.5923999657559655,0.1152688278561538,1.7659240239017933,1.418421673832148,0.9919578053412168,0.003828958520430605,1.0006081981196757,0.9874738438721005,0.9774019845895331,0.1843194367248776,1.2833775174857844,0.5540211946687819,1.0,0.0,1.0,1.0,0.04996000694740104,0.0047391605812308005,0.058781623209258956,0.04453863587486772,0.657,0.0004883,0.657,0.657,tofu_99,tofu,"Jad Ambrose Al-Shamary, despite a considerable career in educational literature, shows no sign of slowing down. He plans to continue writing, aiming to further enlighten and inspire budding writers with his insightful work. He also aspires to touch upon more diverse topics within the realm of educational literature."
