experiment,geometry,target,feature,importance,importance_std,cv_r2
HP,base,Unlearning,local_density_mean,0.05211201840260691,0.012423579498543478,-0.08468527445158265
HP,base,Unlearning,local_density_std,0.03966316040343222,0.013863443485135456,-0.08468527445158265
HP,base,Unlearning,local_density_max,0.06874626926349893,0.014286480615686247,-0.08468527445158265
HP,base,Unlearning,local_density_min,0.030108224722109778,0.00608822795912356,-0.08468527445158265
HP,base,Unlearning,separability_mean,0.035560995493036915,0.00924423643760006,-0.08468527445158265
HP,base,Unlearning,separability_std,0.6639231781462259,0.12247203066040928,-0.08468527445158265
HP,base,Unlearning,separability_max,0.01789472502770493,0.0035639202475030943,-0.08468527445158265
HP,base,Unlearning,separability_min,0.005388600201038785,0.0009123761971434024,-0.08468527445158265
HP,base,Unlearning,centrality_mean,0.06975962977897807,0.006743752793311294,-0.08468527445158265
HP,base,Unlearning,centrality_std,0.0434042853491833,0.010875987156281438,-0.08468527445158265
HP,base,Unlearning,centrality_max,0.10287321183672557,0.028782922301272607,-0.08468527445158265
HP,base,Unlearning,centrality_min,0.0071479765262808526,0.0025832882650013607,-0.08468527445158265
HP,base,Unlearning,cross_layer_consistency_mean,0.014381032866567712,0.0037373333771671424,-0.08468527445158265
HP,base,Unlearning,cross_layer_consistency_std,0.050102684435984465,0.01913080930995621,-0.08468527445158265
HP,base,Unlearning,cross_layer_consistency_max,0.006798125451032167,0.0039331610766328,-0.08468527445158265
HP,base,Unlearning,cross_layer_consistency_min,0.009814570545766954,0.005511749769330554,-0.08468527445158265
HP,base,Embedding,local_density_mean,0.04308295738407882,0.005149720454969117,-0.3561035895136787
HP,base,Embedding,local_density_std,0.02555060236678678,0.004233312323902728,-0.3561035895136787
HP,base,Embedding,local_density_max,0.019148073090266494,0.004620583764688053,-0.3561035895136787
HP,base,Embedding,local_density_min,0.02940257128966356,0.0056237311320691055,-0.3561035895136787
HP,base,Embedding,separability_mean,0.03288609309955951,0.007586119026377913,-0.3561035895136787
HP,base,Embedding,separability_std,0.3963036892985988,0.07187492583988012,-0.3561035895136787
HP,base,Embedding,separability_max,0.06522730145222602,0.017402541317765738,-0.3561035895136787
HP,base,Embedding,separability_min,0.03560248675749407,0.006467567578483106,-0.3561035895136787
HP,base,Embedding,centrality_mean,0.1298032196045127,0.010361477840245567,-0.3561035895136787
HP,base,Embedding,centrality_std,0.044897941287312934,0.0051446077868538085,-0.3561035895136787
HP,base,Embedding,centrality_max,0.052017556849387914,0.007631772660693704,-0.3561035895136787
HP,base,Embedding,centrality_min,0.15568999904832406,0.01988365010132261,-0.3561035895136787
HP,base,Embedding,cross_layer_consistency_mean,0.05129857532503814,0.0059861224679574505,-0.3561035895136787
HP,base,Embedding,cross_layer_consistency_std,0.019668067171197366,0.005297155038247601,-0.3561035895136787
HP,base,Embedding,cross_layer_consistency_max,0.03845411922777704,0.0042021969290756255,-0.3561035895136787
HP,base,Embedding,cross_layer_consistency_min,0.039569972366291395,0.0038872210449729452,-0.3561035895136787
HP,unlearned,Unlearning,local_density_mean,0.020716866017025125,0.0071356454856655515,-0.0416230884511936
HP,unlearned,Unlearning,local_density_std,0.027520677496512845,0.010264246766423879,-0.0416230884511936
HP,unlearned,Unlearning,local_density_max,0.02557212730501417,0.006486896658077314,-0.0416230884511936
HP,unlearned,Unlearning,local_density_min,0.0068858371053856175,0.002126344088493242,-0.0416230884511936
HP,unlearned,Unlearning,separability_mean,0.0685539179336454,0.018640986683921282,-0.0416230884511936
HP,unlearned,Unlearning,separability_std,1.0615525116110984,0.19135122547538133,-0.0416230884511936
HP,unlearned,Unlearning,separability_max,0.00356341718833626,0.0024601712058756036,-0.0416230884511936
HP,unlearned,Unlearning,separability_min,0.015005071662948377,0.00838697224085283,-0.0416230884511936
HP,unlearned,Unlearning,centrality_mean,0.011733834602809624,0.003634819995121003,-0.0416230884511936
HP,unlearned,Unlearning,centrality_std,0.07739950188191763,0.022547190027380058,-0.0416230884511936
HP,unlearned,Unlearning,centrality_max,0.1166083384887566,0.010403537078301167,-0.0416230884511936
HP,unlearned,Unlearning,centrality_min,0.06067485673795804,0.017490590432441614,-0.0416230884511936
HP,unlearned,Unlearning,cross_layer_consistency_mean,0.013207221339309284,0.0035508197349389493,-0.0416230884511936
HP,unlearned,Unlearning,cross_layer_consistency_std,0.07308163628570263,0.02858512588577138,-0.0416230884511936
HP,unlearned,Unlearning,cross_layer_consistency_max,0.0038553650110017103,0.0019154882971324867,-0.0416230884511936
HP,unlearned,Unlearning,cross_layer_consistency_min,0.013522574975753354,0.0036949058432655104,-0.0416230884511936
HP,unlearned,Embedding,local_density_mean,0.026518455274278107,0.004901471536388972,-0.3785908528602326
HP,unlearned,Embedding,local_density_std,0.1775501413468636,0.05233296602801822,-0.3785908528602326
HP,unlearned,Embedding,local_density_max,0.05305350702000514,0.010094436367647001,-0.3785908528602326
HP,unlearned,Embedding,local_density_min,0.03581761533652551,0.005196506740932086,-0.3785908528602326
HP,unlearned,Embedding,separability_mean,0.057175800674474475,0.008490229336302295,-0.3785908528602326
HP,unlearned,Embedding,separability_std,0.11196900178273061,0.014951572421521913,-0.3785908528602326
HP,unlearned,Embedding,separability_max,0.033416113501342846,0.006851900179756474,-0.3785908528602326
HP,unlearned,Embedding,separability_min,0.0359024583613355,0.008695947087825631,-0.3785908528602326
HP,unlearned,Embedding,centrality_mean,0.09642379891736966,0.015564867806115032,-0.3785908528602326
HP,unlearned,Embedding,centrality_std,0.07776445814599534,0.013537117642415468,-0.3785908528602326
HP,unlearned,Embedding,centrality_max,0.039620309590503736,0.0046679280648713375,-0.3785908528602326
HP,unlearned,Embedding,centrality_min,0.06384175138162199,0.014628377888046043,-0.3785908528602326
HP,unlearned,Embedding,cross_layer_consistency_mean,0.12603893922280185,0.01597583806225023,-0.3785908528602326
HP,unlearned,Embedding,cross_layer_consistency_std,0.032513686305271364,0.013080562806698122,-0.3785908528602326
HP,unlearned,Embedding,cross_layer_consistency_max,0.06285169851045146,0.01006264673855074,-0.3785908528602326
HP,unlearned,Embedding,cross_layer_consistency_min,0.11889843909380766,0.015155112962225343,-0.3785908528602326
TOFU_grad_diff,base,Unlearning,local_density_mean,0.008928967429399092,0.0022015487050428585,0.4380988599425232
TOFU_grad_diff,base,Unlearning,local_density_std,0.06219252105318525,0.009716610763016815,0.4380988599425232
TOFU_grad_diff,base,Unlearning,local_density_max,0.010566304619723799,0.0014026289909844873,0.4380988599425232
TOFU_grad_diff,base,Unlearning,local_density_min,0.003591996816601317,0.000865802846758247,0.4380988599425232
TOFU_grad_diff,base,Unlearning,separability_mean,0.1780117671860777,0.023948910763755382,0.4380988599425232
TOFU_grad_diff,base,Unlearning,separability_std,0.017098495079252173,0.003934409934096828,0.4380988599425232
TOFU_grad_diff,base,Unlearning,separability_max,0.09999706305749785,0.017361120480758014,0.4380988599425232
TOFU_grad_diff,base,Unlearning,separability_min,0.06266031222646609,0.014321519422318088,0.4380988599425232
TOFU_grad_diff,base,Unlearning,centrality_mean,0.05859963630901971,0.016287145747350455,0.4380988599425232
TOFU_grad_diff,base,Unlearning,centrality_std,0.18276616942149987,0.028986189244212025,0.4380988599425232
TOFU_grad_diff,base,Unlearning,centrality_max,0.009922497705481603,0.003038233859485418,0.4380988599425232
TOFU_grad_diff,base,Unlearning,centrality_min,0.09470037303308211,0.03131388884945404,0.4380988599425232
TOFU_grad_diff,base,Unlearning,cross_layer_consistency_mean,0.0070217274571739655,0.0018851401787021744,0.4380988599425232
TOFU_grad_diff,base,Unlearning,cross_layer_consistency_std,0.002496052047651809,0.00163892332638593,0.4380988599425232
TOFU_grad_diff,base,Unlearning,cross_layer_consistency_max,0.010299590300648153,0.00353485186787321,0.4380988599425232
TOFU_grad_diff,base,Unlearning,cross_layer_consistency_min,0.011617657911574032,0.0036149802123957918,0.4380988599425232
TOFU_grad_diff,base,Steering,local_density_mean,0.012557352077656358,0.0030821226750441626,0.3682847359857182
TOFU_grad_diff,base,Steering,local_density_std,0.04523209232918126,0.007790578483851348,0.3682847359857182
TOFU_grad_diff,base,Steering,local_density_max,0.01557318800967188,0.002815079274269903,0.3682847359857182
TOFU_grad_diff,base,Steering,local_density_min,0.005928577224042786,0.0015010618937720472,0.3682847359857182
TOFU_grad_diff,base,Steering,separability_mean,0.1930253098368106,0.018724503027234177,0.3682847359857182
TOFU_grad_diff,base,Steering,separability_std,0.007664435793814229,0.0022701326534349,0.3682847359857182
TOFU_grad_diff,base,Steering,separability_max,0.19904616691665566,0.018455645340990548,0.3682847359857182
TOFU_grad_diff,base,Steering,separability_min,0.06097761681117715,0.010895745385479572,0.3682847359857182
TOFU_grad_diff,base,Steering,centrality_mean,0.0606603416950036,0.022139809135466957,0.3682847359857182
TOFU_grad_diff,base,Steering,centrality_std,0.04172638427387,0.010325054954923557,0.3682847359857182
TOFU_grad_diff,base,Steering,centrality_max,0.020984713662659738,0.00379910023733495,0.3682847359857182
TOFU_grad_diff,base,Steering,centrality_min,0.06351947319555715,0.0209967393873142,0.3682847359857182
TOFU_grad_diff,base,Steering,cross_layer_consistency_mean,0.014026960423180168,0.0040430609404329436,0.3682847359857182
TOFU_grad_diff,base,Steering,cross_layer_consistency_std,0.002382251332040042,0.0011758769572412571,0.3682847359857182
TOFU_grad_diff,base,Steering,cross_layer_consistency_max,0.014180270958934604,0.004733702190897967,0.3682847359857182
TOFU_grad_diff,base,Steering,cross_layer_consistency_min,0.013744816740613341,0.004443933512886584,0.3682847359857182
TOFU_grad_diff,base,Prompt,local_density_mean,0.019029120019683876,0.002272468542813128,0.23077128084007476
TOFU_grad_diff,base,Prompt,local_density_std,0.027086008737452306,0.005097007779337156,0.23077128084007476
TOFU_grad_diff,base,Prompt,local_density_max,0.016487357638289346,0.0031132510890329703,0.23077128084007476
TOFU_grad_diff,base,Prompt,local_density_min,0.019258700999698074,0.004218577191340259,0.23077128084007476
TOFU_grad_diff,base,Prompt,separability_mean,0.08650799931922967,0.01272053877138879,0.23077128084007476
TOFU_grad_diff,base,Prompt,separability_std,0.013216571028180047,0.0024527493904640163,0.23077128084007476
TOFU_grad_diff,base,Prompt,separability_max,0.03491203206040776,0.004967317844282187,0.23077128084007476
TOFU_grad_diff,base,Prompt,separability_min,0.2541201490614447,0.044290788263102815,0.23077128084007476
TOFU_grad_diff,base,Prompt,centrality_mean,0.03883653803151752,0.006220888553737526,0.23077128084007476
TOFU_grad_diff,base,Prompt,centrality_std,0.07890578610988906,0.01630695692418928,0.23077128084007476
TOFU_grad_diff,base,Prompt,centrality_max,0.025048154566093474,0.002972382888204497,0.23077128084007476
TOFU_grad_diff,base,Prompt,centrality_min,0.16960795700029005,0.041529560867314935,0.23077128084007476
TOFU_grad_diff,base,Prompt,cross_layer_consistency_mean,0.02010377272098417,0.0036391479541501835,0.23077128084007476
TOFU_grad_diff,base,Prompt,cross_layer_consistency_std,0.005682940951566073,0.001116628550730876,0.23077128084007476
TOFU_grad_diff,base,Prompt,cross_layer_consistency_max,0.025048326179843573,0.00497471383760676,0.23077128084007476
TOFU_grad_diff,base,Prompt,cross_layer_consistency_min,0.015206718653690355,0.004689622235705891,0.23077128084007476
TOFU_grad_diff,unlearned,Unlearning,local_density_mean,0.01566550418836806,0.004543716881109367,0.24614548690817833
TOFU_grad_diff,unlearned,Unlearning,local_density_std,0.0070780649217266015,0.0013678478730744896,0.24614548690817833
TOFU_grad_diff,unlearned,Unlearning,local_density_max,0.00675627174011525,0.0017012206604831107,0.24614548690817833
TOFU_grad_diff,unlearned,Unlearning,local_density_min,0.02201140933691287,0.005270497173473623,0.24614548690817833
TOFU_grad_diff,unlearned,Unlearning,separability_mean,0.5067935820396035,0.058916609227478066,0.24614548690817833
TOFU_grad_diff,unlearned,Unlearning,separability_std,0.06647788002399507,0.006163887481605672,0.24614548690817833
TOFU_grad_diff,unlearned,Unlearning,separability_max,0.03428534891398834,0.007267755697283655,0.24614548690817833
TOFU_grad_diff,unlearned,Unlearning,separability_min,0.11393940861032607,0.014101740638631517,0.24614548690817833
TOFU_grad_diff,unlearned,Unlearning,centrality_mean,0.027388195075612465,0.006089811125338279,0.24614548690817833
TOFU_grad_diff,unlearned,Unlearning,centrality_std,0.01826403747552959,0.0031389369305113704,0.24614548690817833
TOFU_grad_diff,unlearned,Unlearning,centrality_max,0.09379048839078521,0.019206367479921164,0.24614548690817833
TOFU_grad_diff,unlearned,Unlearning,centrality_min,0.01209932881265533,0.0024782192767553537,0.24614548690817833
TOFU_grad_diff,unlearned,Unlearning,cross_layer_consistency_mean,0.005674061656943852,0.001957140254585301,0.24614548690817833
TOFU_grad_diff,unlearned,Unlearning,cross_layer_consistency_std,0.007685512245997839,0.00166717677676722,0.24614548690817833
TOFU_grad_diff,unlearned,Unlearning,cross_layer_consistency_max,0.009930073415204955,0.00580151261454419,0.24614548690817833
TOFU_grad_diff,unlearned,Unlearning,cross_layer_consistency_min,0.011418572331152644,0.004486314313243571,0.24614548690817833
TOFU_grad_diff,unlearned,Steering,local_density_mean,0.01864868614956796,0.005184836894298693,0.21113299309586112
TOFU_grad_diff,unlearned,Steering,local_density_std,0.005344725135216622,0.001196978949359353,0.21113299309586112
TOFU_grad_diff,unlearned,Steering,local_density_max,0.006121027475985874,0.0026915569441544832,0.21113299309586112
TOFU_grad_diff,unlearned,Steering,local_density_min,0.02246340011590934,0.003283922756580693,0.21113299309586112
TOFU_grad_diff,unlearned,Steering,separability_mean,0.3194893460156572,0.028237311282711692,0.21113299309586112
TOFU_grad_diff,unlearned,Steering,separability_std,0.017111767772199016,0.002436372619523837,0.21113299309586112
TOFU_grad_diff,unlearned,Steering,separability_max,0.029441846217308564,0.0048212953640059866,0.21113299309586112
TOFU_grad_diff,unlearned,Steering,separability_min,0.2163646684079894,0.021617131819165965,0.21113299309586112
TOFU_grad_diff,unlearned,Steering,centrality_mean,0.004726404621713054,0.000992596402097862,0.21113299309586112
TOFU_grad_diff,unlearned,Steering,centrality_std,0.05372366870371603,0.008398978530634515,0.21113299309586112
TOFU_grad_diff,unlearned,Steering,centrality_max,0.08931355639661825,0.02181317588121161,0.21113299309586112
TOFU_grad_diff,unlearned,Steering,centrality_min,0.00949534551705008,0.003699940972076982,0.21113299309586112
TOFU_grad_diff,unlearned,Steering,cross_layer_consistency_mean,0.013971535990612594,0.005030431944368613,0.21113299309586112
TOFU_grad_diff,unlearned,Steering,cross_layer_consistency_std,0.013546032358133153,0.004593586789934495,0.21113299309586112
TOFU_grad_diff,unlearned,Steering,cross_layer_consistency_max,0.017149117278718717,0.005141113626171641,0.21113299309586112
TOFU_grad_diff,unlearned,Steering,cross_layer_consistency_min,0.009773989807500171,0.002475947314008891,0.21113299309586112
TOFU_grad_diff,unlearned,Prompt,local_density_mean,0.012830392780710043,0.002157812468817371,0.24527801049607967
TOFU_grad_diff,unlearned,Prompt,local_density_std,0.008875492807048135,0.0017000099833897543,0.24527801049607967
TOFU_grad_diff,unlearned,Prompt,local_density_max,0.006151762328423615,0.0016262248492208064,0.24527801049607967
TOFU_grad_diff,unlearned,Prompt,local_density_min,0.05369630116949002,0.014202940180105377,0.24527801049607967
TOFU_grad_diff,unlearned,Prompt,separability_mean,0.43166712452855516,0.04096417423301577,0.24527801049607967
TOFU_grad_diff,unlearned,Prompt,separability_std,0.01628272454003874,0.0023773751344320004,0.24527801049607967
TOFU_grad_diff,unlearned,Prompt,separability_max,0.014874237419590763,0.001817684439359716,0.24527801049607967
TOFU_grad_diff,unlearned,Prompt,separability_min,0.2864897745904841,0.06160209863104416,0.24527801049607967
TOFU_grad_diff,unlearned,Prompt,centrality_mean,0.01697577465476464,0.0024201556127327814,0.24527801049607967
TOFU_grad_diff,unlearned,Prompt,centrality_std,0.021585637236282096,0.0015297676510138555,0.24527801049607967
TOFU_grad_diff,unlearned,Prompt,centrality_max,0.0704490086496066,0.011116467926687044,0.24527801049607967
TOFU_grad_diff,unlearned,Prompt,centrality_min,0.09229889053237847,0.018524190687161515,0.24527801049607967
TOFU_grad_diff,unlearned,Prompt,cross_layer_consistency_mean,0.008143572736760463,0.0018662906232393237,0.24527801049607967
TOFU_grad_diff,unlearned,Prompt,cross_layer_consistency_std,0.01666067353680124,0.003100081818795506,0.24527801049607967
TOFU_grad_diff,unlearned,Prompt,cross_layer_consistency_max,0.00855884845849414,0.0021186797065552774,0.24527801049607967
TOFU_grad_diff,unlearned,Prompt,cross_layer_consistency_min,0.0102494898346289,0.0012543439927605962,0.24527801049607967
TOFU_grad_ascent,base,Unlearning,centrality_min,1.185858585858586,0.0181818181818183,0.3894736842105263
TOFU_grad_ascent,base,Steering,centrality_mean,0.001945845414314129,0.0004125400579887269,0.3885075818036713
TOFU_grad_ascent,base,Steering,centrality_min,1.184686002594232,0.018172374348377374,0.3885075818036713
TOFU_grad_ascent,base,Prompt,centrality_min,1.185858585858586,0.018181818181818195,0.38947368421052625
TOFU_grad_ascent,base,Embedding,local_density_mean,0.04606878846670378,0.00566186968220047,0.10859931305881843
TOFU_grad_ascent,base,Embedding,local_density_std,0.055641744612945965,0.01727078501357374,0.10859931305881843
TOFU_grad_ascent,base,Embedding,local_density_max,0.047835175490757165,0.0068529121249871075,0.10859931305881843
TOFU_grad_ascent,base,Embedding,local_density_min,0.14704737597162315,0.016415145721195696,0.10859931305881843
TOFU_grad_ascent,base,Embedding,separability_mean,0.03602051874831558,0.008629895173422754,0.10859931305881843
TOFU_grad_ascent,base,Embedding,separability_std,0.03622952346164069,0.006185709702763402,0.10859931305881843
TOFU_grad_ascent,base,Embedding,separability_max,0.02362503673430415,0.004203016729994724,0.10859931305881843
TOFU_grad_ascent,base,Embedding,separability_min,0.8010641020790343,0.1233448803696963,0.10859931305881843
TOFU_grad_ascent,base,Embedding,centrality_mean,0.02856850136997081,0.004137265108195186,0.10859931305881843
TOFU_grad_ascent,base,Embedding,centrality_std,0.025426249342684292,0.00501255096043334,0.10859931305881843
TOFU_grad_ascent,base,Embedding,centrality_max,0.060469741012658784,0.009049948559797509,0.10859931305881843
TOFU_grad_ascent,base,Embedding,centrality_min,0.030274749609576757,0.004946452956367559,0.10859931305881843
TOFU_grad_ascent,base,Embedding,cross_layer_consistency_mean,0.020813852880764948,0.004645175416912178,0.10859931305881843
TOFU_grad_ascent,base,Embedding,cross_layer_consistency_std,0.024626248795484605,0.0044215651564523,0.10859931305881843
TOFU_grad_ascent,base,Embedding,cross_layer_consistency_max,0.024222347630228847,0.005650012886636693,0.10859931305881843
TOFU_grad_ascent,base,Embedding,cross_layer_consistency_min,0.028695111247059747,0.005946665502616404,0.10859931305881843
TOFU_grad_ascent,unlearned,Unlearning,local_density_mean,0.3887272727272731,8.080808080805357e-05,-0.010526315789473717
TOFU_grad_ascent,unlearned,Unlearning,local_density_std,0.14181818181818207,0.0,-0.010526315789473717
TOFU_grad_ascent,unlearned,Unlearning,local_density_max,0.21292929292929297,0.0,-0.010526315789473717
TOFU_grad_ascent,unlearned,Steering,local_density_mean,0.3884381008698305,9.859867486882693e-05,-0.011492418196328735
TOFU_grad_ascent,unlearned,Steering,local_density_std,0.14183353044407143,4.506549062235409e-05,-0.011492418196328735
TOFU_grad_ascent,unlearned,Steering,local_density_max,0.21274534564321676,1.039129320745693e-05,-0.011492418196328735
TOFU_grad_ascent,unlearned,Steering,local_density_min,0.001538760872882572,0.0020901616574284737,-0.011492418196328735
TOFU_grad_ascent,unlearned,Prompt,local_density_mean,0.3887272727272727,8.080808080806466e-05,-0.010526315789473762
TOFU_grad_ascent,unlearned,Prompt,local_density_std,0.14181818181818187,5.1178752665209035e-17,-0.010526315789473762
TOFU_grad_ascent,unlearned,Prompt,local_density_max,0.21292929292929302,5.551115123125783e-17,-0.010526315789473762
TOFU_grad_ascent,unlearned,Embedding,local_density_mean,0.019199059483207083,0.002677133862416479,-0.35243529093271364
TOFU_grad_ascent,unlearned,Embedding,local_density_std,0.05305952660920442,0.008293622618702451,-0.35243529093271364
TOFU_grad_ascent,unlearned,Embedding,local_density_max,0.036680015165321954,0.00426360943319679,-0.35243529093271364
TOFU_grad_ascent,unlearned,Embedding,local_density_min,0.033494948164932946,0.00565965053354665,-0.35243529093271364
TOFU_grad_ascent,unlearned,Embedding,separability_mean,0.2091729524958156,0.030234757643025918,-0.35243529093271364
TOFU_grad_ascent,unlearned,Embedding,separability_std,0.01640094114217444,0.0036383057732176094,-0.35243529093271364
TOFU_grad_ascent,unlearned,Embedding,separability_max,0.03794448579398239,0.004783605725216852,-0.35243529093271364
TOFU_grad_ascent,unlearned,Embedding,separability_min,0.11513383846873457,0.02535649785809156,-0.35243529093271364
TOFU_grad_ascent,unlearned,Embedding,centrality_mean,0.1551660541052485,0.025345469727812334,-0.35243529093271364
TOFU_grad_ascent,unlearned,Embedding,centrality_std,0.025952156107086333,0.00769854807889574,-0.35243529093271364
TOFU_grad_ascent,unlearned,Embedding,centrality_max,0.08045083046735588,0.013654626743157362,-0.35243529093271364
TOFU_grad_ascent,unlearned,Embedding,centrality_min,0.05041050328243246,0.011208718104844608,-0.35243529093271364
TOFU_grad_ascent,unlearned,Embedding,cross_layer_consistency_mean,0.009096303926299587,0.0016371783464468469,-0.35243529093271364
TOFU_grad_ascent,unlearned,Embedding,cross_layer_consistency_std,0.013913520565785275,0.004533422448166318,-0.35243529093271364
TOFU_grad_ascent,unlearned,Embedding,cross_layer_consistency_max,0.013555639462866764,0.0031008837248665765,-0.35243529093271364
TOFU_grad_ascent,unlearned,Embedding,cross_layer_consistency_min,0.008026025621914967,0.0014646800295833944,-0.35243529093271364
TOFU_KL,base,Unlearning,local_density_mean,0.08331313131313126,0.02288978039933816,-0.010526315789473717
TOFU_KL,base,Unlearning,local_density_std,0.08139393939393937,0.0416930201324211,-0.010526315789473717
TOFU_KL,base,Unlearning,local_density_max,0.0862626262626262,0.021143901845364382,-0.010526315789473717
TOFU_KL,base,Unlearning,local_density_min,0.016404040404040386,0.004059098167182367,-0.010526315789473717
TOFU_KL,base,Unlearning,separability_std,0.004979797979797984,0.004036121467745688,-0.010526315789473717
TOFU_KL,base,Unlearning,separability_min,0.004333333333333333,0.004523053668520565,-0.010526315789473717
TOFU_KL,base,Unlearning,centrality_mean,0.03451515151515142,0.02047657125622307,-0.010526315789473717
TOFU_KL,base,Unlearning,centrality_std,0.4689393939393936,0.059084455315355416,-0.010526315789473717
TOFU_KL,base,Unlearning,centrality_max,0.23951515151515176,0.06700766478611053,-0.010526315789473717
TOFU_KL,base,Unlearning,centrality_min,0.14665656565656499,0.05758932057155628,-0.010526315789473717
TOFU_KL,base,Unlearning,cross_layer_consistency_std,0.005060606060606043,0.004497717908115321,-0.010526315789473717
TOFU_KL,base,Unlearning,cross_layer_consistency_max,0.005474747474747466,0.004219950091846541,-0.010526315789473717
TOFU_KL,base,Steering,local_density_mean,0.08331313131313117,0.022889780399338092,-0.010526315789473762
TOFU_KL,base,Steering,local_density_std,0.09285858585858572,0.04751249412791623,-0.010526315789473762
TOFU_KL,base,Steering,local_density_max,0.12336363636363616,0.03242037328625311,-0.010526315789473762
TOFU_KL,base,Steering,local_density_min,0.0164040404040404,0.004059098167182371,-0.010526315789473762
TOFU_KL,base,Steering,separability_std,0.0049797979797979956,0.004036121467745687,-0.010526315789473762
TOFU_KL,base,Steering,separability_min,0.004333333333333389,0.0045230536685205635,-0.010526315789473762
TOFU_KL,base,Steering,centrality_mean,0.034515151515151485,0.02047657125622307,-0.010526315789473762
TOFU_KL,base,Steering,centrality_std,0.43613131313131215,0.0463853968432093,-0.010526315789473762
TOFU_KL,base,Steering,centrality_max,0.2395151515151508,0.06700766478611021,-0.010526315789473762
TOFU_KL,base,Steering,centrality_min,0.08338383838383831,0.0361586322904137,-0.010526315789473762
TOFU_KL,base,Steering,cross_layer_consistency_std,0.00506060606060611,0.004497717908115332,-0.010526315789473762
TOFU_KL,base,Steering,cross_layer_consistency_max,0.00547474747474751,0.0042199500918465435,-0.010526315789473762
TOFU_KL,base,Prompt,local_density_mean,0.08331313131313128,0.022889780399338172,-0.010526315789473762
TOFU_KL,base,Prompt,local_density_std,0.09285858585858586,0.047512494127916326,-0.010526315789473762
TOFU_KL,base,Prompt,local_density_max,0.12336363636363638,0.03242037328625319,-0.010526315789473762
TOFU_KL,base,Prompt,local_density_min,0.016404040404040386,0.004059098167182403,-0.010526315789473762
TOFU_KL,base,Prompt,separability_std,0.00497979797979794,0.004036121467745709,-0.010526315789473762
TOFU_KL,base,Prompt,separability_min,0.004333333333333289,0.004523053668520579,-0.010526315789473762
TOFU_KL,base,Prompt,centrality_mean,0.03451515151515144,0.020476571256223087,-0.010526315789473762
TOFU_KL,base,Prompt,centrality_std,0.4361313131313131,0.04638539684320933,-0.010526315789473762
TOFU_KL,base,Prompt,centrality_max,0.23951515151515154,0.06700766478611048,-0.010526315789473762
TOFU_KL,base,Prompt,centrality_min,0.0833838383838384,0.03615863229041379,-0.010526315789473762
TOFU_KL,base,Prompt,cross_layer_consistency_std,0.0050606060606060545,0.004497717908115354,-0.010526315789473762
TOFU_KL,base,Prompt,cross_layer_consistency_max,0.005474747474747443,0.004219950091846569,-0.010526315789473762
TOFU_KL,unlearned,Unlearning,local_density_mean,0.04777777777777764,0.003939393939393965,-0.010526315789473717
TOFU_KL,unlearned,Unlearning,local_density_std,0.1260606060606059,2.7755575615628914e-17,-0.010526315789473717
TOFU_KL,unlearned,Unlearning,local_density_max,0.701818181818183,1.2161883888976234e-16,-0.010526315789473717
TOFU_KL,unlearned,Steering,local_density_mean,0.04777777777777763,0.003939393939393931,-0.010526315789473762
TOFU_KL,unlearned,Steering,local_density_std,0.12606060606060576,0.0,-0.010526315789473762
TOFU_KL,unlearned,Steering,local_density_max,0.7018181818181806,4.965068306494546e-17,-0.010526315789473762
TOFU_KL,unlearned,Prompt,local_density_mean,0.04777777777777774,0.003939393939393931,-0.010526315789473762
TOFU_KL,unlearned,Prompt,local_density_std,0.12606060606060615,5.551115123125783e-17,-0.010526315789473762
TOFU_KL,unlearned,Prompt,local_density_max,0.7018181818181819,7.850462293418876e-17,-0.010526315789473762
TOFU_idk,base,Unlearning,local_density_mean,0.02332052906277867,0.0037246203454995895,-0.17635673672304536
TOFU_idk,base,Unlearning,local_density_std,0.1598538140959454,0.023860460946737626,-0.17635673672304536
TOFU_idk,base,Unlearning,local_density_max,0.024498740219159765,0.004203023795258342,-0.17635673672304536
TOFU_idk,base,Unlearning,local_density_min,0.01895536224224369,0.003583715722253595,-0.17635673672304536
TOFU_idk,base,Unlearning,separability_mean,0.27190471288677365,0.040142976849593885,-0.17635673672304536
TOFU_idk,base,Unlearning,separability_std,0.051306172646397016,0.005019685920193743,-0.17635673672304536
TOFU_idk,base,Unlearning,separability_max,0.035701540450425215,0.0050034679111591275,-0.17635673672304536
TOFU_idk,base,Unlearning,separability_min,0.03933081814807908,0.007717097057962587,-0.17635673672304536
TOFU_idk,base,Unlearning,centrality_mean,0.19899279090962466,0.023274771148267117,-0.17635673672304536
TOFU_idk,base,Unlearning,centrality_std,0.027365140332490358,0.0023054861054202683,-0.17635673672304536
TOFU_idk,base,Unlearning,centrality_max,0.029159878806012885,0.003505470327921615,-0.17635673672304536
TOFU_idk,base,Unlearning,centrality_min,0.06456022231741346,0.00835591856143972,-0.17635673672304536
TOFU_idk,base,Unlearning,cross_layer_consistency_mean,0.04132821112803901,0.00541927412134216,-0.17635673672304536
TOFU_idk,base,Unlearning,cross_layer_consistency_std,0.006479840739547027,0.0018252715715640238,-0.17635673672304536
TOFU_idk,base,Unlearning,cross_layer_consistency_max,0.028824443260150278,0.00414422227394883,-0.17635673672304536
TOFU_idk,base,Unlearning,cross_layer_consistency_min,0.030400905948522072,0.005276939058053201,-0.17635673672304536
TOFU_idk,base,Prompt,local_density_mean,0.05297671975442175,0.00832975233706704,-0.010281709181307575
TOFU_idk,base,Prompt,local_density_std,0.031712131137327446,0.004282922638637154,-0.010281709181307575
TOFU_idk,base,Prompt,local_density_max,0.0709812667321916,0.015889096592773728,-0.010281709181307575
TOFU_idk,base,Prompt,local_density_min,0.039937279916496794,0.006143365220710377,-0.010281709181307575
TOFU_idk,base,Prompt,separability_mean,0.20109626699571398,0.031077044972028067,-0.010281709181307575
TOFU_idk,base,Prompt,separability_std,0.048939407715273976,0.007346493782030162,-0.010281709181307575
TOFU_idk,base,Prompt,separability_max,0.026243618239005118,0.005226074837791784,-0.010281709181307575
TOFU_idk,base,Prompt,separability_min,0.09396819259299312,0.011174430074112307,-0.010281709181307575
TOFU_idk,base,Prompt,centrality_mean,0.047940491890697254,0.004636599171325144,-0.010281709181307575
TOFU_idk,base,Prompt,centrality_std,0.05083689424388703,0.009543756468010306,-0.010281709181307575
TOFU_idk,base,Prompt,centrality_max,0.047801404514610776,0.004757533892890658,-0.010281709181307575
TOFU_idk,base,Prompt,centrality_min,0.04439544871807485,0.004579341958738683,-0.010281709181307575
TOFU_idk,base,Prompt,cross_layer_consistency_mean,0.03374644994538767,0.003737993451982333,-0.010281709181307575
TOFU_idk,base,Prompt,cross_layer_consistency_std,0.03268424156776738,0.005858419898950172,-0.010281709181307575
TOFU_idk,base,Prompt,cross_layer_consistency_max,0.03128444751761008,0.0024664789963810122,-0.010281709181307575
TOFU_idk,base,Prompt,cross_layer_consistency_min,0.04515773184666857,0.003588471712735402,-0.010281709181307575
TOFU_idk,base,Embedding,local_density_mean,0.03364084428317915,0.009246099925545002,-0.4203444908381962
TOFU_idk,base,Embedding,local_density_std,0.02646436805024397,0.005099258544811684,-0.4203444908381962
TOFU_idk,base,Embedding,local_density_max,0.021026434837516695,0.005484141226318166,-0.4203444908381962
TOFU_idk,base,Embedding,local_density_min,0.032765715149814655,0.005492133063221121,-0.4203444908381962
TOFU_idk,base,Embedding,separability_mean,0.03333832234762283,0.002918138209954618,-0.4203444908381962
TOFU_idk,base,Embedding,separability_std,0.0962560773470916,0.01818752551053635,-0.4203444908381962
TOFU_idk,base,Embedding,separability_max,0.029739723335829547,0.007898531456937061,-0.4203444908381962
TOFU_idk,base,Embedding,separability_min,0.08025087024871504,0.007235632935169152,-0.4203444908381962
TOFU_idk,base,Embedding,centrality_mean,0.013898002579607915,0.002144585601847775,-0.4203444908381962
TOFU_idk,base,Embedding,centrality_std,0.0690301550347252,0.0121773185384901,-0.4203444908381962
TOFU_idk,base,Embedding,centrality_max,0.6008842710008632,0.06322005639583372,-0.4203444908381962
TOFU_idk,base,Embedding,centrality_min,0.07104115906234136,0.013792798962642228,-0.4203444908381962
TOFU_idk,base,Embedding,cross_layer_consistency_mean,0.01336456949288296,0.005694455393297788,-0.4203444908381962
TOFU_idk,base,Embedding,cross_layer_consistency_std,0.05503971643795955,0.011462747702527734,-0.4203444908381962
TOFU_idk,base,Embedding,cross_layer_consistency_max,0.007503205170366322,0.0021093260760898847,-0.4203444908381962
TOFU_idk,base,Embedding,cross_layer_consistency_min,0.008794329814341518,0.002585025575470525,-0.4203444908381962
TOFU_idk,unlearned,Unlearning,local_density_mean,0.01794963878508421,0.003562065443285047,-0.08894843951528435
TOFU_idk,unlearned,Unlearning,local_density_std,0.03201489303053874,0.005376517944569166,-0.08894843951528435
TOFU_idk,unlearned,Unlearning,local_density_max,0.022536249531554708,0.004812041805862394,-0.08894843951528435
TOFU_idk,unlearned,Unlearning,local_density_min,0.020594226564465877,0.0027008986490524543,-0.08894843951528435
TOFU_idk,unlearned,Unlearning,separability_mean,0.23283019669220165,0.03429094923759422,-0.08894843951528435
TOFU_idk,unlearned,Unlearning,separability_std,0.07351450635822074,0.010792173644504525,-0.08894843951528435
TOFU_idk,unlearned,Unlearning,separability_max,0.02196543322087202,0.0050613968713182095,-0.08894843951528435
TOFU_idk,unlearned,Unlearning,separability_min,0.030781564275625915,0.00862927626743068,-0.08894843951528435
TOFU_idk,unlearned,Unlearning,centrality_mean,0.09285742605895965,0.016533414510410478,-0.08894843951528435
TOFU_idk,unlearned,Unlearning,centrality_std,0.20700015367678198,0.025525301976592734,-0.08894843951528435
TOFU_idk,unlearned,Unlearning,centrality_max,0.14487796199222236,0.023648535446196325,-0.08894843951528435
TOFU_idk,unlearned,Unlearning,centrality_min,0.07657559138985287,0.020096816588131092,-0.08894843951528435
TOFU_idk,unlearned,Unlearning,cross_layer_consistency_mean,0.01751266116987622,0.0054097053110864265,-0.08894843951528435
TOFU_idk,unlearned,Unlearning,cross_layer_consistency_std,0.001756167060583702,0.0005536872651077652,-0.08894843951528435
TOFU_idk,unlearned,Unlearning,cross_layer_consistency_max,0.009842246651953056,0.002214126741332707,-0.08894843951528435
TOFU_idk,unlearned,Unlearning,cross_layer_consistency_min,0.01794019850652847,0.003801901789469972,-0.08894843951528435
TOFU_idk,unlearned,Steering,local_density_mean,0.035914576412270936,0.005879111155698846,-0.26925055711813856
TOFU_idk,unlearned,Steering,local_density_std,0.02040652680592884,0.001990265230979783,-0.26925055711813856
TOFU_idk,unlearned,Steering,local_density_max,0.029997265762857363,0.005655440913878961,-0.26925055711813856
TOFU_idk,unlearned,Steering,local_density_min,0.04693177281133215,0.005731444336992072,-0.26925055711813856
TOFU_idk,unlearned,Steering,separability_mean,0.203595971805021,0.026498991372386323,-0.26925055711813856
TOFU_idk,unlearned,Steering,separability_std,0.1327775778369315,0.017763194343411937,-0.26925055711813856
TOFU_idk,unlearned,Steering,separability_max,0.024494081115903333,0.00521550644085294,-0.26925055711813856
TOFU_idk,unlearned,Steering,separability_min,0.024857511892890538,0.002423427845754761,-0.26925055711813856
TOFU_idk,unlearned,Steering,centrality_mean,0.04146360069414863,0.005421466593165176,-0.26925055711813856
TOFU_idk,unlearned,Steering,centrality_std,0.14961430715846827,0.01369614657369344,-0.26925055711813856
TOFU_idk,unlearned,Steering,centrality_max,0.17762966969549082,0.03321538580279809,-0.26925055711813856
TOFU_idk,unlearned,Steering,centrality_min,0.08442652038455914,0.02380300405687915,-0.26925055711813856
TOFU_idk,unlearned,Steering,cross_layer_consistency_mean,0.013165835595282704,0.002913045451375557,-0.26925055711813856
TOFU_idk,unlearned,Steering,cross_layer_consistency_std,0.004398900026388408,0.0013079951138976157,-0.26925055711813856
TOFU_idk,unlearned,Steering,cross_layer_consistency_max,0.02044030759151285,0.0042407068732228685,-0.26925055711813856
TOFU_idk,unlearned,Steering,cross_layer_consistency_min,0.022357079857224748,0.004473840718011374,-0.26925055711813856
TOFU_idk,unlearned,Prompt,local_density_mean,0.03243390914952023,0.0061936549559193,0.0633582827738736
TOFU_idk,unlearned,Prompt,local_density_std,0.09306434187314948,0.010582525404495443,0.0633582827738736
TOFU_idk,unlearned,Prompt,local_density_max,0.04499251959607013,0.007385656652795692,0.0633582827738736
TOFU_idk,unlearned,Prompt,local_density_min,0.04549852691929005,0.005742084322710618,0.0633582827738736
TOFU_idk,unlearned,Prompt,separability_mean,0.10419034755028327,0.020696673226930095,0.0633582827738736
TOFU_idk,unlearned,Prompt,separability_std,0.057958929796516255,0.009562794613599365,0.0633582827738736
TOFU_idk,unlearned,Prompt,separability_max,0.03947494137475969,0.005358338499766167,0.0633582827738736
TOFU_idk,unlearned,Prompt,separability_min,0.19245563856378384,0.024501919834233294,0.0633582827738736
TOFU_idk,unlearned,Prompt,centrality_mean,0.04824807243633709,0.00829253028118599,0.0633582827738736
TOFU_idk,unlearned,Prompt,centrality_std,0.032156482953756726,0.004557340165865818,0.0633582827738736
TOFU_idk,unlearned,Prompt,centrality_max,0.04160643879378482,0.0062664467562750965,0.0633582827738736
TOFU_idk,unlearned,Prompt,centrality_min,0.03497186428863945,0.0049494810601308685,0.0633582827738736
TOFU_idk,unlearned,Prompt,cross_layer_consistency_mean,0.035539886476912266,0.0043924029245989765,0.0633582827738736
TOFU_idk,unlearned,Prompt,cross_layer_consistency_std,0.011503434297699955,0.0019540983156008693,0.0633582827738736
TOFU_idk,unlearned,Prompt,cross_layer_consistency_max,0.04521256654355095,0.005814352535700199,0.0633582827738736
TOFU_idk,unlearned,Prompt,cross_layer_consistency_min,0.03446142910548716,0.005938600586721145,0.0633582827738736
