experiment,geometry,target,feature,pearson_r,p_value,significant,cv_r2_mean,cv_r2_std,direction
HP,base,Unlearning,local_density_mean,0.10924733884939772,0.2792611653079656,False,-0.010814140234612113,0.025790371507089776,+
HP,base,Unlearning,local_density_std,0.11173656987710355,0.2683857349790563,False,-0.00969887209318956,0.03177043785385814,+
HP,base,Unlearning,local_density_max,0.13683378374676095,0.17461313216492327,False,-0.00666920543454419,0.024630221306001617,+
HP,base,Unlearning,local_density_min,0.0720103999210264,0.47647989928954093,False,-0.017652307154822865,0.02512682717388301,+
HP,base,Unlearning,separability_mean,-0.09557240895964801,0.3442119948112778,False,-0.009005942277556512,0.030762448551080793,-
HP,base,Unlearning,separability_std,-0.17126179331097016,0.08843756140846525,False,-0.08273430242663678,0.15352757560876715,-
HP,base,Unlearning,separability_max,-0.11031836629706643,0.274546222046767,False,-0.008404675524137751,0.026703002895872612,-
HP,base,Unlearning,separability_min,-0.03811549454620819,0.7065454044322029,False,-0.020145735211979064,0.027639320322943018,-
HP,base,Unlearning,centrality_mean,-0.14049943742518428,0.16324014845977594,False,-0.0044672205449736825,0.02373543568080769,-
HP,base,Unlearning,centrality_std,-0.03238835859983166,0.7490475421321091,False,-0.039561863229611215,0.03965308166712868,-
HP,base,Unlearning,centrality_max,-0.11548029308492343,0.25257526819108167,False,-0.023064336517624406,0.026958387725037666,-
HP,base,Unlearning,centrality_min,-0.04814300975956815,0.6343214029342347,False,-0.019113070001581224,0.03266570540795751,-
HP,base,Unlearning,isolation_mean,,,False,-0.019303737919414178,0.02787745566763505,-
HP,base,Unlearning,isolation_std,,,False,-0.019303737919414178,0.02787745566763505,-
HP,base,Unlearning,isolation_max,,,False,-0.019303737919414178,0.02787745566763505,-
HP,base,Unlearning,isolation_min,,,False,-0.019303737919414178,0.02787745566763505,-
HP,base,Unlearning,cluster_compactness_mean,,,False,-0.019303737919414178,0.02787745566763505,-
HP,base,Unlearning,cluster_compactness_std,,,False,-0.019303737919414178,0.02787745566763505,-
HP,base,Unlearning,cluster_compactness_max,,,False,-0.01930373791941431,0.027877455667635224,-
HP,base,Unlearning,cluster_compactness_min,,,False,-0.019303737919414178,0.0278774556676352,-
HP,base,Unlearning,cross_layer_consistency_mean,-0.05860891505891701,0.5624415465613495,False,-0.019095919479837485,0.03323138143898469,-
HP,base,Unlearning,cross_layer_consistency_std,-0.1202253770644857,0.23347082477257847,False,-0.01498338642300725,0.0201463394096159,-
HP,base,Unlearning,cross_layer_consistency_max,-0.05860891505891701,0.5624415465613495,False,-0.019095919479837485,0.03323138143898469,-
HP,base,Unlearning,cross_layer_consistency_min,-0.05860891505891701,0.5624415465613495,False,-0.019095919479837485,0.03323138143898469,-
HP,base,Steering,local_density_mean,-0.10417566658403003,0.302320994633494,False,-15.292664703858472,22.34007830412342,-
HP,base,Steering,local_density_std,-0.09942107249968296,0.32504078599482855,False,-13.718682775978161,18.416456706702345,-
HP,base,Steering,local_density_max,-0.12675361613963498,0.20887109707396015,False,-15.201913925237003,22.210510288681398,-
HP,base,Steering,local_density_min,-0.06920123298116734,0.49389130447998913,False,-14.719502857232737,23.39572959005805,-
HP,base,Steering,separability_mean,0.11711916802601827,0.24585926092927213,False,-17.69814563352945,24.70394773062398,+
HP,base,Steering,separability_std,0.15409769437658175,0.12582827670256322,False,-26.42795228440002,44.94180681830973,+
HP,base,Steering,separability_max,0.12931725089743332,0.19973535688879723,False,-19.68720274810153,28.623172977269615,+
HP,base,Steering,separability_min,0.062348527419576284,0.5377318363010902,False,-14.473709179152326,21.378934830551007,+
HP,base,Steering,centrality_mean,0.14883057754784998,0.13945110861911367,False,-18.150398504691957,24.95246650331151,+
HP,base,Steering,centrality_std,0.014778100620832001,0.883975870283274,False,-14.693242465284206,21.629834144931795,+
HP,base,Steering,centrality_max,0.11188054046174437,0.2677656150824787,False,-16.716552252135433,24.655076802572314,+
HP,base,Steering,centrality_min,0.06247807013751202,0.5368855931103719,False,-15.164796006741923,20.946412534703484,+
HP,base,Steering,isolation_mean,,,False,-14.439411965971019,21.237576704627894,-
HP,base,Steering,isolation_std,,,False,-14.439411965971019,21.237576704627894,-
HP,base,Steering,isolation_max,,,False,-14.439411965971019,21.237576704627894,-
HP,base,Steering,isolation_min,,,False,-14.439411965971019,21.237576704627894,-
HP,base,Steering,cluster_compactness_mean,,,False,-14.439411965971019,21.237576704627894,-
HP,base,Steering,cluster_compactness_std,,,False,-14.439411965971019,21.237576704627894,-
HP,base,Steering,cluster_compactness_max,,,False,-14.43941196597103,21.237576704627916,-
HP,base,Steering,cluster_compactness_min,,,False,-14.439411965971033,21.237576704627916,-
HP,base,Steering,cross_layer_consistency_mean,0.07761977519755744,0.4427259927264108,False,-16.392247947068242,23.534886114897756,+
HP,base,Steering,cross_layer_consistency_std,0.12008216975394272,0.23403221220180706,False,-14.103280669834987,17.56850970172711,+
HP,base,Steering,cross_layer_consistency_max,0.07761977519755744,0.4427259927264108,False,-16.392247947068242,23.534886114897756,+
HP,base,Steering,cross_layer_consistency_min,0.07761977519755744,0.4427259927264108,False,-16.392247947068242,23.534886114897756,+
HP,base,Prompt,local_density_mean,-0.1407798372687751,0.16239338045255705,False,-1.0377583642613115,2.102566067550174,-
HP,base,Prompt,local_density_std,-0.12735315254348661,0.2067083514927104,False,-0.8740787937237359,1.6676206580817623,-
HP,base,Prompt,local_density_max,-0.16191530400096238,0.10752117236919691,False,-0.9678217064662824,1.9793064692654938,-
HP,base,Prompt,local_density_min,-0.09507854812980152,0.3467224710526673,False,-1.159571970074953,2.267404942111352,-
HP,base,Prompt,separability_mean,0.2037126016079824,0.04206425473905918,True,-1.2754422775531902,2.4263072166397053,+
HP,base,Prompt,separability_std,0.13151289370625757,0.19214242470021145,False,-1.7872693346834854,3.3575409793471183,+
HP,base,Prompt,separability_max,0.21010039597993027,0.03589918257548399,True,-1.497421597598695,2.849910703621886,+
HP,base,Prompt,separability_min,0.1567374726349739,0.11939669909888564,False,-1.081874016351002,2.1314028305476205,+
HP,base,Prompt,centrality_mean,0.19717731120355605,0.04926017901058201,True,-1.208855091063505,2.2826560463148553,+
HP,base,Prompt,centrality_std,-0.10750303075921602,0.28705548490000715,False,-1.1891003714793076,2.312725697016264,-
HP,base,Prompt,centrality_max,0.09368816566247834,0.35385173973412787,False,-1.1122507627579172,2.1439931714276743,+
HP,base,Prompt,centrality_min,0.14373613121561293,0.1536634661036461,False,-1.1331324918613883,2.2466350668827406,+
HP,base,Prompt,isolation_mean,,,False,-1.0936811371613235,2.0848645430289783,-
HP,base,Prompt,isolation_std,,,False,-1.0936811371613235,2.0848645430289783,-
HP,base,Prompt,isolation_max,,,False,-1.0936811371613235,2.0848645430289783,-
HP,base,Prompt,isolation_min,,,False,-1.0936811371613235,2.0848645430289783,-
HP,base,Prompt,cluster_compactness_mean,,,False,-1.0936811371613235,2.0848645430289783,-
HP,base,Prompt,cluster_compactness_std,,,False,-1.0936811371613235,2.0848645430289783,-
HP,base,Prompt,cluster_compactness_max,,,False,-1.0936811371613235,2.0848645430289783,-
HP,base,Prompt,cluster_compactness_min,,,False,-1.0936811371613238,2.084864543028979,-
HP,base,Prompt,cross_layer_consistency_mean,0.11714820785561368,0.2457413799319549,False,-1.185500875003048,2.270391330304489,+
HP,base,Prompt,cross_layer_consistency_std,0.1273448595400319,0.20673815777569893,False,-0.9068710043416506,1.6872994709691254,+
HP,base,Prompt,cross_layer_consistency_max,0.11714820785561368,0.2457413799319549,False,-1.185500875003048,2.270391330304489,+
HP,base,Prompt,cross_layer_consistency_min,0.11714820785561368,0.2457413799319549,False,-1.185500875003048,2.270391330304489,+
HP,unlearned,Unlearning,local_density_mean,0.06108170618907093,0.5460419954567226,False,-0.01776440833434645,0.026048809607448885,+
HP,unlearned,Unlearning,local_density_std,0.05197922860502984,0.6075284473512526,False,-0.020622436764918685,0.030902182385487337,+
HP,unlearned,Unlearning,local_density_max,0.06355141951035127,0.5298993571982408,False,-0.01996238938982846,0.02477138057284877,+
HP,unlearned,Unlearning,local_density_min,0.03974539708581938,0.6946059369999608,False,-0.020752818708946342,0.025961776083033142,+
HP,unlearned,Unlearning,separability_mean,-0.12576613951577206,0.2124683896528806,False,-0.0017492974170940645,0.03526692971112933,-
HP,unlearned,Unlearning,separability_std,-0.243031631452697,0.014833922786195611,True,-0.04504859449747116,0.11987007477361471,-
HP,unlearned,Unlearning,separability_max,-0.13350357238716223,0.1854408914280227,False,-0.0015706729950383247,0.03243926904202579,-
HP,unlearned,Unlearning,separability_min,-0.032219604986604505,0.7503120833066207,False,-0.021193929441841064,0.027542468493792757,-
HP,unlearned,Unlearning,centrality_mean,-0.035351177504671885,0.7269568609051356,False,-0.021612231236904412,0.02976361565409747,-
HP,unlearned,Unlearning,centrality_std,0.12555389295074532,0.21324730407102183,False,-0.008106286046676913,0.04300630100825873,+
HP,unlearned,Unlearning,centrality_max,0.08614032923603922,0.3941259782124325,False,-0.020573909590351037,0.02677676937311242,+
HP,unlearned,Unlearning,centrality_min,-0.1351179996557888,0.18013226291522336,False,-0.0037169922120331433,0.041330031021145706,-
HP,unlearned,Unlearning,isolation_mean,,,False,-0.019303737919414178,0.02787745566763505,-
HP,unlearned,Unlearning,isolation_std,,,False,-0.019303737919414178,0.02787745566763505,-
HP,unlearned,Unlearning,isolation_max,,,False,-0.019303737919414178,0.02787745566763505,-
HP,unlearned,Unlearning,isolation_min,,,False,-0.019303737919414178,0.02787745566763505,-
HP,unlearned,Unlearning,cluster_compactness_mean,,,False,-0.019303737919414265,0.02787745566763514,-
HP,unlearned,Unlearning,cluster_compactness_std,,,False,-0.019303737919414178,0.02787745566763505,-
HP,unlearned,Unlearning,cluster_compactness_max,,,False,-0.019303737919414178,0.02787745566763505,-
HP,unlearned,Unlearning,cluster_compactness_min,,,False,-0.019303737919414178,0.02787745566763505,-
HP,unlearned,Unlearning,cross_layer_consistency_mean,-0.015383976721292502,0.8792542975410197,False,-0.024917143943117104,0.029230648499075532,-
HP,unlearned,Unlearning,cross_layer_consistency_std,-0.07360499164929922,0.466745838689244,False,-0.022911071452541544,0.03766529115137126,-
HP,unlearned,Unlearning,cross_layer_consistency_max,-0.015383976721292502,0.8792542975410197,False,-0.024917143943117104,0.029230648499075532,-
HP,unlearned,Unlearning,cross_layer_consistency_min,-0.015383976721292502,0.8792542975410197,False,-0.024917143943117104,0.029230648499075532,-
HP,unlearned,Steering,local_density_mean,-0.0614901864250092,0.5433555917727054,False,-13.574609076487624,20.87263248424315,-
HP,unlearned,Steering,local_density_std,-0.04272147495888562,0.6729984686291175,False,-13.580546538648207,19.650528412796156,-
HP,unlearned,Steering,local_density_max,-0.05479108996320962,0.5882117326972134,False,-13.468949998765192,20.40185173221287,-
HP,unlearned,Steering,local_density_min,-0.0384167546400526,0.7043331279303284,False,-15.033570630282771,21.915494757962943,-
HP,unlearned,Steering,separability_mean,0.1341271948407038,0.1833769260325612,False,-19.20398017844875,27.544134885614678,+
HP,unlearned,Steering,separability_std,0.2673752836140174,0.007160525957345126,True,-35.140810227216086,60.49662977063153,+
HP,unlearned,Steering,separability_max,0.1509459425419429,0.133851481006006,False,-21.49767345690882,31.56496657952905,+
HP,unlearned,Steering,separability_min,0.04145898730077533,0.682133426511577,False,-14.507110028915156,21.716221394537982,+
HP,unlearned,Steering,centrality_mean,0.03507725856098624,0.7289901590816618,False,-13.86651971235655,20.42121552965723,+
HP,unlearned,Steering,centrality_std,-0.13852653545160346,0.1692909020993064,False,-21.342015698147424,32.00929650030777,-
HP,unlearned,Steering,centrality_max,-0.09058847064035346,0.3700710653307434,False,-19.23820503591125,25.418507960176317,-
HP,unlearned,Steering,centrality_min,0.15198495789984984,0.1311645859287907,False,-21.309743574349447,33.52707572158321,+
HP,unlearned,Steering,isolation_mean,,,False,-14.439411965971019,21.237576704627894,-
HP,unlearned,Steering,isolation_std,,,False,-14.439411965971019,21.237576704627894,-
HP,unlearned,Steering,isolation_max,,,False,-14.439411965971019,21.237576704627894,-
HP,unlearned,Steering,isolation_min,,,False,-14.439411965971019,21.237576704627894,-
HP,unlearned,Steering,cluster_compactness_mean,,,False,-14.439411965971036,21.237576704627926,-
HP,unlearned,Steering,cluster_compactness_std,,,False,-14.439411965971019,21.237576704627894,-
HP,unlearned,Steering,cluster_compactness_max,,,False,-14.439411965971019,21.237576704627894,-
HP,unlearned,Steering,cluster_compactness_min,,,False,-14.439411965971019,21.237576704627894,-
HP,unlearned,Steering,cross_layer_consistency_mean,0.00716021768105977,0.9436342474107972,False,-14.595957757107584,21.50755865297598,+
HP,unlearned,Steering,cross_layer_consistency_std,0.10432617116338151,0.3016192264228952,False,-13.166699995973321,19.87837700617698,+
HP,unlearned,Steering,cross_layer_consistency_max,0.00716021768105977,0.9436342474107972,False,-14.595957757107584,21.50755865297598,+
HP,unlearned,Steering,cross_layer_consistency_min,0.00716021768105977,0.9436342474107972,False,-14.595957757107584,21.50755865297598,+
HP,unlearned,Prompt,local_density_mean,-0.1218796468678907,0.22705400283674795,False,-1.0228878251371416,2.045762212266318,-
HP,unlearned,Prompt,local_density_std,-0.07174913249334995,0.47808515966726656,False,-0.9923418305121368,1.885004675707058,-
HP,unlearned,Prompt,local_density_max,-0.10390477687439037,0.3035867838148163,False,-0.9985725557301037,1.9597483071738533,-
HP,unlearned,Prompt,local_density_min,-0.09130823120134461,0.36626492292712953,False,-1.152107254716375,2.199106431397083,-
HP,unlearned,Prompt,separability_mean,0.1693114134843571,0.09217998412307117,False,-1.2768404904304473,2.4273556219982146,+
HP,unlearned,Prompt,separability_std,0.272890777279971,0.006015396861957769,True,-2.269067658382082,4.598123054018113,+
HP,unlearned,Prompt,separability_max,0.1877885021331245,0.06135106426473558,False,-1.433939183937886,2.759145524598014,+
HP,unlearned,Prompt,separability_min,0.0790714491779388,0.434215314758845,False,-1.1088701928697593,2.132678368784323,+
HP,unlearned,Prompt,centrality_mean,0.012247511990613039,0.9037386975252625,False,-1.1203645276651302,2.128613619185473,+
HP,unlearned,Prompt,centrality_std,-0.10632223669016233,0.29241307552237134,False,-1.3009701754947725,2.366470709166743,-
HP,unlearned,Prompt,centrality_max,-0.1201622039261237,0.23371835400791557,False,-1.328707793133673,2.4119654681527534,-
HP,unlearned,Prompt,centrality_min,0.11261601423013418,0.2646128664524936,False,-1.2726252315165218,2.3529748669331125,+
HP,unlearned,Prompt,isolation_mean,,,False,-1.0936811371613235,2.0848645430289783,-
HP,unlearned,Prompt,isolation_std,,,False,-1.0936811371613235,2.0848645430289783,-
HP,unlearned,Prompt,isolation_max,,,False,-1.0936811371613235,2.0848645430289783,-
HP,unlearned,Prompt,isolation_min,,,False,-1.0936811371613235,2.0848645430289783,-
HP,unlearned,Prompt,cluster_compactness_mean,,,False,-1.0936811371613238,2.084864543028979,-
HP,unlearned,Prompt,cluster_compactness_std,,,False,-1.0936811371613235,2.0848645430289783,-
HP,unlearned,Prompt,cluster_compactness_max,,,False,-1.0936811371613235,2.0848645430289783,-
HP,unlearned,Prompt,cluster_compactness_min,,,False,-1.0936811371613235,2.0848645430289783,-
HP,unlearned,Prompt,cross_layer_consistency_mean,-0.002762929172182149,0.978234836500449,False,-1.115768352925334,2.08500366935202,-
HP,unlearned,Prompt,cross_layer_consistency_std,0.04924211984946308,0.6265945859657476,False,-1.0811294652924117,1.997275155048472,+
HP,unlearned,Prompt,cross_layer_consistency_max,-0.002762929172182149,0.978234836500449,False,-1.115768352925334,2.08500366935202,-
HP,unlearned,Prompt,cross_layer_consistency_min,-0.002762929172182149,0.978234836500449,False,-1.115768352925334,2.08500366935202,-
TOFU_grad_ascent,base,Unlearning,local_density_mean,0.09068943714082271,0.3695356936346191,False,-0.010526315789473717,0.021052631578947434,+
TOFU_grad_ascent,base,Unlearning,local_density_std,0.08297233040422619,0.41181256618476886,False,-0.010526315789473717,0.021052631578947434,+
TOFU_grad_ascent,base,Unlearning,local_density_max,0.09453082849475454,0.3495201172529767,False,-0.010526315789473717,0.021052631578947434,+
TOFU_grad_ascent,base,Unlearning,local_density_min,0.07111474770793214,0.4819949858970489,False,-0.010526315789473717,0.021052631578947434,+
TOFU_grad_ascent,base,Unlearning,separability_mean,0.01624403095386104,0.872559215599014,False,-0.010526315789473717,0.021052631578947434,+
TOFU_grad_ascent,base,Unlearning,separability_std,-0.05724289186048553,0.5716002948951275,False,-0.010526315789473717,0.021052631578947434,-
TOFU_grad_ascent,base,Unlearning,separability_max,0.03680876937564663,0.7161692944841339,False,-0.010526315789473717,0.021052631578947434,+
TOFU_grad_ascent,base,Unlearning,separability_min,0.046500521103761974,0.6459415003405222,False,-0.010526315789473717,0.021052631578947434,+
TOFU_grad_ascent,base,Unlearning,centrality_mean,-0.13300784876359906,0.18709358596512274,False,-0.010526315789473717,0.021052631578947434,-
TOFU_grad_ascent,base,Unlearning,centrality_std,0.024258014494649066,0.8106670703919798,False,-0.010526315789473717,0.021052631578947434,+
TOFU_grad_ascent,base,Unlearning,centrality_max,-0.14175960857461628,0.15946022606051455,False,-0.010526315789473717,0.021052631578947434,-
TOFU_grad_ascent,base,Unlearning,centrality_min,-0.16979748652993185,0.09123578259691137,False,-0.010526315789473717,0.021052631578947434,-
TOFU_grad_ascent,base,Unlearning,isolation_mean,,,False,-0.010526315789473717,0.021052631578947434,-
TOFU_grad_ascent,base,Unlearning,isolation_std,,,False,-0.010526315789473717,0.021052631578947434,-
TOFU_grad_ascent,base,Unlearning,isolation_max,,,False,-0.010526315789473717,0.021052631578947434,-
TOFU_grad_ascent,base,Unlearning,isolation_min,,,False,-0.010526315789473717,0.021052631578947434,-
TOFU_grad_ascent,base,Unlearning,cluster_compactness_mean,,,False,-0.010526315789473717,0.021052631578947434,-
TOFU_grad_ascent,base,Unlearning,cluster_compactness_std,,,False,-0.010526315789473717,0.021052631578947434,-
TOFU_grad_ascent,base,Unlearning,cluster_compactness_max,,,False,-0.010526315789473717,0.021052631578947434,-
TOFU_grad_ascent,base,Unlearning,cluster_compactness_min,,,False,-0.010526315789473717,0.021052631578947434,-
TOFU_grad_ascent,base,Unlearning,cross_layer_consistency_mean,0.030616116900540107,0.7623602203691849,False,-0.010526315789473717,0.021052631578947434,+
TOFU_grad_ascent,base,Unlearning,cross_layer_consistency_std,0.10744561274498142,0.2873144873530766,False,-0.010526315789473717,0.021052631578947434,+
TOFU_grad_ascent,base,Unlearning,cross_layer_consistency_max,0.030616116900540107,0.7623602203691849,False,-0.010526315789473717,0.021052631578947434,+
TOFU_grad_ascent,base,Unlearning,cross_layer_consistency_min,0.030616116900540107,0.7623602203691849,False,-0.010526315789473717,0.021052631578947434,+
TOFU_grad_ascent,base,Steering,local_density_mean,-0.09032455520668016,0.371472707975474,False,-0.011492418196328735,0.022984836392657474,-
TOFU_grad_ascent,base,Steering,local_density_std,-0.08058061387614938,0.4254670966478253,False,-0.011492418196328735,0.022984836392657474,-
TOFU_grad_ascent,base,Steering,local_density_max,-0.09104524973768098,0.36765279021745934,False,-0.011492418196328735,0.022984836392657474,-
TOFU_grad_ascent,base,Steering,local_density_min,-0.07048335404946357,0.4859033133594505,False,-0.011492418196328735,0.022984836392657474,-
TOFU_grad_ascent,base,Steering,separability_mean,-0.017115694702910033,0.8657829198828837,False,-0.011492418196328735,0.022984836392657474,-
TOFU_grad_ascent,base,Steering,separability_std,0.06732588037265347,0.5056987650648468,False,-0.011492418196328735,0.022984836392657474,+
TOFU_grad_ascent,base,Steering,separability_max,-0.030389123897949163,0.7640704449113301,False,-0.011492418196328735,0.022984836392657474,-
TOFU_grad_ascent,base,Steering,separability_min,-0.0505748577369886,0.6172792595307633,False,-0.011492418196328735,0.022984836392657474,-
TOFU_grad_ascent,base,Steering,centrality_mean,0.14201254960202728,0.1587094412960938,False,-0.011492418196328735,0.022984836392657474,+
TOFU_grad_ascent,base,Steering,centrality_std,-0.024245596953990492,0.8107621782830846,False,-0.011492418196328735,0.022984836392657474,-
TOFU_grad_ascent,base,Steering,centrality_max,0.14274757237474608,0.15654268459309187,False,-0.011492418196328735,0.022984836392657474,+
TOFU_grad_ascent,base,Steering,centrality_min,0.17613060188745686,0.07962035189358171,False,-0.011492418196328735,0.022984836392657474,+
TOFU_grad_ascent,base,Steering,isolation_mean,,,False,-0.011492418196328735,0.022984836392657474,-
TOFU_grad_ascent,base,Steering,isolation_std,,,False,-0.011492418196328735,0.022984836392657474,-
TOFU_grad_ascent,base,Steering,isolation_max,,,False,-0.011492418196328735,0.022984836392657474,-
TOFU_grad_ascent,base,Steering,isolation_min,,,False,-0.011492418196328735,0.022984836392657474,-
TOFU_grad_ascent,base,Steering,cluster_compactness_mean,,,False,-0.011492418196328735,0.022984836392657474,-
TOFU_grad_ascent,base,Steering,cluster_compactness_std,,,False,-0.011492418196328735,0.022984836392657474,-
TOFU_grad_ascent,base,Steering,cluster_compactness_max,,,False,-0.011492418196328735,0.022984836392657474,-
TOFU_grad_ascent,base,Steering,cluster_compactness_min,,,False,-0.011492418196328735,0.022984836392657474,-
TOFU_grad_ascent,base,Steering,cross_layer_consistency_mean,-0.03240056372647269,0.7489561097424661,False,-0.011492418196328735,0.022984836392657474,-
TOFU_grad_ascent,base,Steering,cross_layer_consistency_std,-0.10023723512946704,0.32106493525138036,False,-0.011492418196328735,0.022984836392657474,-
TOFU_grad_ascent,base,Steering,cross_layer_consistency_max,-0.03240056372647269,0.7489561097424661,False,-0.011492418196328735,0.022984836392657474,-
TOFU_grad_ascent,base,Steering,cross_layer_consistency_min,-0.03240056372647269,0.7489561097424661,False,-0.011492418196328735,0.022984836392657474,-
TOFU_grad_ascent,base,Prompt,local_density_mean,-0.09068943714082271,0.3695356936346191,False,-0.010526315789473762,0.02105263157894752,-
TOFU_grad_ascent,base,Prompt,local_density_std,-0.08297233040422622,0.41181256618476886,False,-0.010526315789473762,0.02105263157894752,-
TOFU_grad_ascent,base,Prompt,local_density_max,-0.09453082849475455,0.3495201172529767,False,-0.010526315789473762,0.02105263157894752,-
TOFU_grad_ascent,base,Prompt,local_density_min,-0.07111474770793214,0.4819949858970489,False,-0.010526315789473762,0.02105263157894752,-
TOFU_grad_ascent,base,Prompt,separability_mean,-0.01624403095386104,0.872559215599014,False,-0.010526315789473762,0.02105263157894752,-
TOFU_grad_ascent,base,Prompt,separability_std,0.05724289186048553,0.5716002948951275,False,-0.010526315789473762,0.02105263157894752,+
TOFU_grad_ascent,base,Prompt,separability_max,-0.03680876937564662,0.7161692944841339,False,-0.010526315789473762,0.02105263157894752,-
TOFU_grad_ascent,base,Prompt,separability_min,-0.04650052110376198,0.6459415003405222,False,-0.010526315789473762,0.02105263157894752,-
TOFU_grad_ascent,base,Prompt,centrality_mean,0.13300784876359903,0.18709358596512274,False,-0.010526315789473762,0.02105263157894752,+
TOFU_grad_ascent,base,Prompt,centrality_std,-0.024258014494649066,0.8106670703919798,False,-0.010526315789473762,0.02105263157894752,-
TOFU_grad_ascent,base,Prompt,centrality_max,0.14175960857461636,0.1594602260605139,False,-0.010526315789473762,0.02105263157894752,+
TOFU_grad_ascent,base,Prompt,centrality_min,0.16979748652993187,0.09123578259691137,False,-0.010526315789473762,0.02105263157894752,+
TOFU_grad_ascent,base,Prompt,isolation_mean,,,False,-0.010526315789473762,0.02105263157894752,-
TOFU_grad_ascent,base,Prompt,isolation_std,,,False,-0.010526315789473762,0.02105263157894752,-
TOFU_grad_ascent,base,Prompt,isolation_max,,,False,-0.010526315789473762,0.02105263157894752,-
TOFU_grad_ascent,base,Prompt,isolation_min,,,False,-0.010526315789473762,0.02105263157894752,-
TOFU_grad_ascent,base,Prompt,cluster_compactness_mean,,,False,-0.010526315789473762,0.02105263157894752,-
TOFU_grad_ascent,base,Prompt,cluster_compactness_std,,,False,-0.010526315789473762,0.02105263157894752,-
TOFU_grad_ascent,base,Prompt,cluster_compactness_max,,,False,-0.010526315789473762,0.02105263157894752,-
TOFU_grad_ascent,base,Prompt,cluster_compactness_min,,,False,-0.010526315789473762,0.02105263157894752,-
TOFU_grad_ascent,base,Prompt,cross_layer_consistency_mean,-0.030616116900540103,0.7623602203691849,False,-0.010526315789473762,0.02105263157894752,-
TOFU_grad_ascent,base,Prompt,cross_layer_consistency_std,-0.10744561274498139,0.2873144873530766,False,-0.010526315789473762,0.02105263157894752,-
TOFU_grad_ascent,base,Prompt,cross_layer_consistency_max,-0.030616116900540103,0.7623602203691849,False,-0.010526315789473762,0.02105263157894752,-
TOFU_grad_ascent,base,Prompt,cross_layer_consistency_min,-0.030616116900540103,0.7623602203691849,False,-0.010526315789473762,0.02105263157894752,-
TOFU_grad_ascent,unlearned,Unlearning,local_density_mean,0.16314253251462732,0.1048462764793394,False,-0.010526315789473717,0.021052631578947434,+
TOFU_grad_ascent,unlearned,Unlearning,local_density_std,0.16599030339296278,0.0988396469277667,False,-0.010526315789473717,0.021052631578947434,+
TOFU_grad_ascent,unlearned,Unlearning,local_density_max,0.20829211666462288,0.037562115985916425,True,-0.010526315789473717,0.021052631578947434,+
TOFU_grad_ascent,unlearned,Unlearning,local_density_min,0.13059660755196678,0.19528530101748517,False,-0.010526315789473717,0.021052631578947434,+
TOFU_grad_ascent,unlearned,Unlearning,separability_mean,0.07958453608784781,0.43122966959424425,False,-0.010526315789473717,0.021052631578947434,+
TOFU_grad_ascent,unlearned,Unlearning,separability_std,0.04854084026241624,0.6315200368060427,False,-0.010526315789473717,0.021052631578947434,+
TOFU_grad_ascent,unlearned,Unlearning,separability_max,0.10629038407105397,0.29255850962690694,False,-0.010526315789473717,0.021052631578947434,+
TOFU_grad_ascent,unlearned,Unlearning,separability_min,0.04211787693516878,0.6773600861524984,False,-0.010526315789473717,0.021052631578947434,+
TOFU_grad_ascent,unlearned,Unlearning,centrality_mean,0.07657083631793316,0.448933568005,False,-0.010526315789473717,0.021052631578947434,+
TOFU_grad_ascent,unlearned,Unlearning,centrality_std,0.11620937963336093,0.24957213382646073,False,-0.010526315789473717,0.021052631578947434,+
TOFU_grad_ascent,unlearned,Unlearning,centrality_max,0.07768041356737032,0.4423686213798183,False,-0.010526315789473717,0.021052631578947434,+
TOFU_grad_ascent,unlearned,Unlearning,centrality_min,-0.0822558511459571,0.4158759147247474,False,-0.010526315789473717,0.021052631578947434,-
TOFU_grad_ascent,unlearned,Unlearning,isolation_mean,,,False,-0.010526315789473717,0.021052631578947434,-
TOFU_grad_ascent,unlearned,Unlearning,isolation_std,,,False,-0.010526315789473717,0.021052631578947434,-
TOFU_grad_ascent,unlearned,Unlearning,isolation_max,,,False,-0.010526315789473717,0.021052631578947434,-
TOFU_grad_ascent,unlearned,Unlearning,isolation_min,,,False,-0.010526315789473717,0.021052631578947434,-
TOFU_grad_ascent,unlearned,Unlearning,cluster_compactness_mean,,,False,-0.010526315789473717,0.021052631578947434,-
TOFU_grad_ascent,unlearned,Unlearning,cluster_compactness_std,,,False,-0.010526315789473717,0.021052631578947434,-
TOFU_grad_ascent,unlearned,Unlearning,cluster_compactness_max,,,False,-0.010526315789473717,0.021052631578947434,-
TOFU_grad_ascent,unlearned,Unlearning,cluster_compactness_min,,,False,-0.010526315789473717,0.021052631578947434,-
TOFU_grad_ascent,unlearned,Unlearning,cross_layer_consistency_mean,0.024260054434000058,0.8106514464397414,False,-0.010526315789473717,0.021052631578947434,+
TOFU_grad_ascent,unlearned,Unlearning,cross_layer_consistency_std,0.10404474413498169,0.3029323250383369,False,-0.010526315789473717,0.021052631578947434,+
TOFU_grad_ascent,unlearned,Unlearning,cross_layer_consistency_max,0.024260054434000058,0.8106514464397414,False,-0.010526315789473717,0.021052631578947434,+
TOFU_grad_ascent,unlearned,Unlearning,cross_layer_consistency_min,0.024260054434000058,0.8106514464397414,False,-0.010526315789473717,0.021052631578947434,+
TOFU_grad_ascent,unlearned,Steering,local_density_mean,-0.15448442334937335,0.12486977594948577,False,-0.011492418196328735,0.022984836392657474,-
TOFU_grad_ascent,unlearned,Steering,local_density_std,-0.16927320964804596,0.09225452178410311,False,-0.011492418196328735,0.022984836392657474,-
TOFU_grad_ascent,unlearned,Steering,local_density_max,-0.20155139596153393,0.0443401994589185,True,-0.011492418196328735,0.022984836392657474,-
TOFU_grad_ascent,unlearned,Steering,local_density_min,-0.12047899332445386,0.23247893077775064,False,-0.011492418196328735,0.022984836392657474,-
TOFU_grad_ascent,unlearned,Steering,separability_mean,-0.07484701016379204,0.45923994026160647,False,-0.011492418196328735,0.022984836392657474,-
TOFU_grad_ascent,unlearned,Steering,separability_std,-0.0523297485941167,0.6051053145441153,False,-0.011492418196328735,0.022984836392657474,-
TOFU_grad_ascent,unlearned,Steering,separability_max,-0.10343793052255122,0.3057763468538671,False,-0.011492418196328735,0.022984836392657474,-
TOFU_grad_ascent,unlearned,Steering,separability_min,-0.037632229062206764,0.7100993181088465,False,-0.011492418196328735,0.022984836392657474,-
TOFU_grad_ascent,unlearned,Steering,centrality_mean,-0.07254159220944685,0.4732251700544109,False,-0.011492418196328735,0.022984836392657474,-
TOFU_grad_ascent,unlearned,Steering,centrality_std,-0.11725749052543841,0.24529811999109774,False,-0.011492418196328735,0.022984836392657474,-
TOFU_grad_ascent,unlearned,Steering,centrality_max,-0.07879016661019472,0.4358570714943269,False,-0.011492418196328735,0.022984836392657474,-
TOFU_grad_ascent,unlearned,Steering,centrality_min,0.08353547575573428,0.4086351545642238,False,-0.011492418196328735,0.022984836392657474,+
TOFU_grad_ascent,unlearned,Steering,isolation_mean,,,False,-0.011492418196328735,0.022984836392657474,-
TOFU_grad_ascent,unlearned,Steering,isolation_std,,,False,-0.011492418196328735,0.022984836392657474,-
TOFU_grad_ascent,unlearned,Steering,isolation_max,,,False,-0.011492418196328735,0.022984836392657474,-
TOFU_grad_ascent,unlearned,Steering,isolation_min,,,False,-0.011492418196328735,0.022984836392657474,-
TOFU_grad_ascent,unlearned,Steering,cluster_compactness_mean,,,False,-0.011492418196328735,0.022984836392657474,-
TOFU_grad_ascent,unlearned,Steering,cluster_compactness_std,,,False,-0.011492418196328735,0.022984836392657474,-
TOFU_grad_ascent,unlearned,Steering,cluster_compactness_max,,,False,-0.011492418196328735,0.022984836392657474,-
TOFU_grad_ascent,unlearned,Steering,cluster_compactness_min,,,False,-0.011492418196328735,0.022984836392657474,-
TOFU_grad_ascent,unlearned,Steering,cross_layer_consistency_mean,-0.019016528469578197,0.8510401762655097,False,-0.011492418196328735,0.022984836392657474,-
TOFU_grad_ascent,unlearned,Steering,cross_layer_consistency_std,-0.10851353413153463,0.2825226806787037,False,-0.011492418196328735,0.022984836392657474,-
TOFU_grad_ascent,unlearned,Steering,cross_layer_consistency_max,-0.019016528469578197,0.8510401762655097,False,-0.011492418196328735,0.022984836392657474,-
TOFU_grad_ascent,unlearned,Steering,cross_layer_consistency_min,-0.019016528469578197,0.8510401762655097,False,-0.011492418196328735,0.022984836392657474,-
TOFU_grad_ascent,unlearned,Prompt,local_density_mean,-0.16314253251462732,0.1048462764793394,False,-0.010526315789473762,0.02105263157894752,-
TOFU_grad_ascent,unlearned,Prompt,local_density_std,-0.16599030339296275,0.0988396469277667,False,-0.010526315789473762,0.02105263157894752,-
TOFU_grad_ascent,unlearned,Prompt,local_density_max,-0.2082921166646229,0.037562115985916425,True,-0.010526315789473762,0.02105263157894752,-
TOFU_grad_ascent,unlearned,Prompt,local_density_min,-0.13059660755196678,0.19528530101748517,False,-0.010526315789473762,0.02105263157894752,-
TOFU_grad_ascent,unlearned,Prompt,separability_mean,-0.07958453608784784,0.43122966959424425,False,-0.010526315789473762,0.02105263157894752,-
TOFU_grad_ascent,unlearned,Prompt,separability_std,-0.04854084026241625,0.6315200368060427,False,-0.010526315789473762,0.02105263157894752,-
TOFU_grad_ascent,unlearned,Prompt,separability_max,-0.10629038407105397,0.29255850962690694,False,-0.010526315789473762,0.02105263157894752,-
TOFU_grad_ascent,unlearned,Prompt,separability_min,-0.04211787693516879,0.6773600861524984,False,-0.010526315789473762,0.02105263157894752,-
TOFU_grad_ascent,unlearned,Prompt,centrality_mean,-0.07657083631793316,0.448933568005,False,-0.010526315789473762,0.02105263157894752,-
TOFU_grad_ascent,unlearned,Prompt,centrality_std,-0.1162093796333609,0.24957213382646073,False,-0.010526315789473762,0.02105263157894752,-
TOFU_grad_ascent,unlearned,Prompt,centrality_max,-0.07768041356737032,0.4423686213798183,False,-0.010526315789473762,0.02105263157894752,-
TOFU_grad_ascent,unlearned,Prompt,centrality_min,0.08225585114595708,0.4158759147247474,False,-0.010526315789473762,0.02105263157894752,+
TOFU_grad_ascent,unlearned,Prompt,isolation_mean,,,False,-0.010526315789473762,0.02105263157894752,-
TOFU_grad_ascent,unlearned,Prompt,isolation_std,,,False,-0.010526315789473762,0.02105263157894752,-
TOFU_grad_ascent,unlearned,Prompt,isolation_max,,,False,-0.010526315789473762,0.02105263157894752,-
TOFU_grad_ascent,unlearned,Prompt,isolation_min,,,False,-0.010526315789473762,0.02105263157894752,-
TOFU_grad_ascent,unlearned,Prompt,cluster_compactness_mean,,,False,-0.010526315789473762,0.02105263157894752,-
TOFU_grad_ascent,unlearned,Prompt,cluster_compactness_std,,,False,-0.010526315789473762,0.02105263157894752,-
TOFU_grad_ascent,unlearned,Prompt,cluster_compactness_max,,,False,-0.010526315789473762,0.02105263157894752,-
TOFU_grad_ascent,unlearned,Prompt,cluster_compactness_min,,,False,-0.010526315789473762,0.02105263157894752,-
TOFU_grad_ascent,unlearned,Prompt,cross_layer_consistency_mean,-0.024260054434000058,0.8106514464397414,False,-0.010526315789473762,0.02105263157894752,-
TOFU_grad_ascent,unlearned,Prompt,cross_layer_consistency_std,-0.10404474413498167,0.3029323250383369,False,-0.010526315789473762,0.02105263157894752,-
TOFU_grad_ascent,unlearned,Prompt,cross_layer_consistency_max,-0.024260054434000058,0.8106514464397414,False,-0.010526315789473762,0.02105263157894752,-
TOFU_grad_ascent,unlearned,Prompt,cross_layer_consistency_min,-0.024260054434000058,0.8106514464397414,False,-0.010526315789473762,0.02105263157894752,-
TOFU_idk,base,Unlearning,local_density_mean,0.25233964238462175,0.011315536572453579,True,-0.24413810297472516,0.30055463514590147,+
TOFU_idk,base,Unlearning,local_density_std,0.2555365240566733,0.010288178014608271,True,-0.15159436570214777,0.16522161537580954,+
TOFU_idk,base,Unlearning,local_density_max,0.2732233559871629,0.005951855839008324,True,-0.19509373584965353,0.23742686740727306,+
TOFU_idk,base,Unlearning,local_density_min,0.17814715749397017,0.07618101916590841,False,-0.2680014771110317,0.2574249270943321,+
TOFU_idk,base,Unlearning,separability_mean,0.31365818800835715,0.0014842667163169694,True,-0.13137696902603885,0.15195994801719853,+
TOFU_idk,base,Unlearning,separability_std,0.04871180777583488,0.6303177465631739,False,-0.21887559444562,0.15711006559940074,+
TOFU_idk,base,Unlearning,separability_max,0.2573940204341625,0.009729588080000552,True,-0.16106685990072875,0.13586957429298488,+
TOFU_idk,base,Unlearning,separability_min,0.28732627973110747,0.003749268665849525,True,-0.16919518985803975,0.1684553867519853,+
TOFU_idk,base,Unlearning,centrality_mean,0.19072740033700641,0.05733048051630828,False,-0.1914486074340579,0.15071019050861448,+
TOFU_idk,base,Unlearning,centrality_std,-0.04267487575827676,0.6733348126408695,False,-0.25367269047971147,0.18090124009017033,-
TOFU_idk,base,Unlearning,centrality_max,0.01278435249091466,0.8995408734816795,False,-0.27645725298325885,0.17193228027399116,+
TOFU_idk,base,Unlearning,centrality_min,0.06040378571020757,0.5505146526806383,False,-0.2308273510547978,0.12560271807556514,+
TOFU_idk,base,Unlearning,isolation_mean,,,False,-0.21467711608004958,0.1560876396423154,-
TOFU_idk,base,Unlearning,isolation_std,,,False,-0.21467711608004958,0.1560876396423154,-
TOFU_idk,base,Unlearning,isolation_max,,,False,-0.21467711608004958,0.1560876396423154,-
TOFU_idk,base,Unlearning,isolation_min,,,False,-0.21467711608004958,0.1560876396423154,-
TOFU_idk,base,Unlearning,cluster_compactness_mean,,,False,-0.21467711608004958,0.1560876396423154,-
TOFU_idk,base,Unlearning,cluster_compactness_std,,,False,-0.21467711608004908,0.15608763964231523,-
TOFU_idk,base,Unlearning,cluster_compactness_max,,,False,-0.21467711608004958,0.1560876396423154,-
TOFU_idk,base,Unlearning,cluster_compactness_min,,,False,-0.2146771160800493,0.15608763964231542,-
TOFU_idk,base,Unlearning,cross_layer_consistency_mean,0.11894073775906981,0.23854042281768348,False,-0.2242290517048872,0.16834617763683762,+
TOFU_idk,base,Unlearning,cross_layer_consistency_std,-0.035552089360842296,0.725466695605212,False,-0.21718684206365566,0.16315097957473063,-
TOFU_idk,base,Unlearning,cross_layer_consistency_max,0.11894073775906981,0.23854042281768348,False,-0.2242290517048872,0.16834617763683762,+
TOFU_idk,base,Unlearning,cross_layer_consistency_min,0.11894073775906981,0.23854042281768348,False,-0.2242290517048872,0.16834617763683762,+
TOFU_idk,base,Steering,local_density_mean,-0.22833153392232958,0.022319833626247485,True,-0.3281356109428394,0.5646933096285098,-
TOFU_idk,base,Steering,local_density_std,-0.12084960031811137,0.231034786480663,False,-0.28000979502119894,0.3371430244277567,-
TOFU_idk,base,Steering,local_density_max,-0.19004411409541921,0.05824546007975034,False,-0.290474631394339,0.4384612804878474,-
TOFU_idk,base,Steering,local_density_min,-0.2142400932583482,0.03232374925189382,True,-0.32828359129505313,0.533229564131516,-
TOFU_idk,base,Steering,separability_mean,-0.280534287250446,0.004697506607776667,True,-0.2350435084156266,0.38931106489648754,-
TOFU_idk,base,Steering,separability_std,-0.008771685389011557,0.9309769937205674,False,-0.2977977451375381,0.3273797693792499,-
TOFU_idk,base,Steering,separability_max,-0.2065164160087493,0.03925741530317181,True,-0.2759304957463745,0.41704552694848307,-
TOFU_idk,base,Steering,separability_min,-0.25659140977159084,0.009967598999021277,True,-0.2569385012798868,0.36603383145172297,-
TOFU_idk,base,Steering,centrality_mean,-0.1444004850634444,0.15175090003531028,False,-0.33804597651402524,0.37222350526758324,-
TOFU_idk,base,Steering,centrality_std,-0.08050086697098831,0.4259268168900133,False,-0.4439312464291899,0.6315010448962182,-
TOFU_idk,base,Steering,centrality_max,-0.06657660836098792,0.5104568474657889,False,-0.40292955448758994,0.5030980425639168,-
TOFU_idk,base,Steering,centrality_min,0.06423301755042186,0.5254866971332931,False,-0.3532770703717048,0.3972698364504684,+
TOFU_idk,base,Steering,isolation_mean,,,False,-0.2929219649989753,0.32912806142559214,-
TOFU_idk,base,Steering,isolation_std,,,False,-0.2929219649989753,0.32912806142559214,-
TOFU_idk,base,Steering,isolation_max,,,False,-0.2929219649989753,0.32912806142559214,-
TOFU_idk,base,Steering,isolation_min,,,False,-0.2929219649989753,0.32912806142559214,-
TOFU_idk,base,Steering,cluster_compactness_mean,,,False,-0.2929219649989753,0.32912806142559214,-
TOFU_idk,base,Steering,cluster_compactness_std,,,False,-0.2929219649989754,0.3291280614255921,-
TOFU_idk,base,Steering,cluster_compactness_max,,,False,-0.2929219649989753,0.32912806142559214,-
TOFU_idk,base,Steering,cluster_compactness_min,,,False,-0.29292196499897544,0.32912806142559214,-
TOFU_idk,base,Steering,cross_layer_consistency_mean,-0.1545380084419802,0.12473740960921047,False,-0.2914610730307915,0.3612974794985571,-
TOFU_idk,base,Steering,cross_layer_consistency_std,-0.009946787500410812,0.9217578125789356,False,-0.29988296675906034,0.32777494963821885,-
TOFU_idk,base,Steering,cross_layer_consistency_max,-0.1545380084419802,0.12473740960921047,False,-0.2914610730307915,0.3612974794985571,-
TOFU_idk,base,Steering,cross_layer_consistency_min,-0.1545380084419802,0.12473740960921047,False,-0.2914610730307915,0.3612974794985571,-
TOFU_idk,base,Prompt,local_density_mean,-0.22775163918299388,0.022671824937562098,True,-0.046302823254423565,0.09431386858314932,-
TOFU_idk,base,Prompt,local_density_std,-0.23637364889940413,0.017900278822792826,True,-0.0538843800336001,0.15396230328607954,-
TOFU_idk,base,Prompt,local_density_max,-0.24821223846027685,0.012773814719597416,True,-0.0432289724102128,0.11998350082097993,-
TOFU_idk,base,Prompt,local_density_min,-0.15426910249003614,0.1254027507735425,False,-0.0823981135747398,0.09670205080421532,-
TOFU_idk,base,Prompt,separability_mean,-0.21274843194051804,0.0335758274606692,True,-0.04784414007369575,0.07929769709962455,-
TOFU_idk,base,Prompt,separability_std,-0.11630567739371868,0.2491773243541562,False,-0.11052324677729834,0.10123356371518054,-
TOFU_idk,base,Prompt,separability_max,-0.21773139322733065,0.02954640569109452,True,-0.048351355025544177,0.08728947703105126,-
TOFU_idk,base,Prompt,separability_min,-0.18401822398831055,0.06684257253584178,False,-0.060042479394447026,0.07284712745866345,-
TOFU_idk,base,Prompt,centrality_mean,-0.08037164582269204,0.4266723488851614,False,-0.13001049730773512,0.1223268001122049,-
TOFU_idk,base,Prompt,centrality_std,0.011508765435385431,0.909519636238098,False,-0.09496588370167855,0.08078335553714593,+
TOFU_idk,base,Prompt,centrality_max,-0.0018525188816856646,0.985405674728037,False,-0.14021252446641475,0.1035924157921873,-
TOFU_idk,base,Prompt,centrality_min,0.020213282839470728,0.8417841225162919,False,-0.12586335812066188,0.09920006823223274,+
TOFU_idk,base,Prompt,isolation_mean,,,False,-0.09475690312314526,0.08064490401563955,-
TOFU_idk,base,Prompt,isolation_std,,,False,-0.09475690312314526,0.08064490401563955,-
TOFU_idk,base,Prompt,isolation_max,,,False,-0.09475690312314526,0.08064490401563955,-
TOFU_idk,base,Prompt,isolation_min,,,False,-0.09475690312314526,0.08064490401563955,-
TOFU_idk,base,Prompt,cluster_compactness_mean,,,False,-0.09475690312314526,0.08064490401563955,-
TOFU_idk,base,Prompt,cluster_compactness_std,,,False,-0.09475690312314536,0.08064490401563959,-
TOFU_idk,base,Prompt,cluster_compactness_max,,,False,-0.09475690312314526,0.08064490401563955,-
TOFU_idk,base,Prompt,cluster_compactness_min,,,False,-0.0947569031231454,0.08064490401563962,-
TOFU_idk,base,Prompt,cross_layer_consistency_mean,-0.08059598728590403,0.42537850572990177,False,-0.09551659873397629,0.09869658154481259,-
TOFU_idk,base,Prompt,cross_layer_consistency_std,-0.07934267677955992,0.4326355826149663,False,-0.1103864153519671,0.10130678117507003,-
TOFU_idk,base,Prompt,cross_layer_consistency_max,-0.08059598728590403,0.42537850572990177,False,-0.09551659873397629,0.09869658154481259,-
TOFU_idk,base,Prompt,cross_layer_consistency_min,-0.08059598728590403,0.42537850572990177,False,-0.09551659873397629,0.09869658154481259,-
TOFU_idk,unlearned,Unlearning,local_density_mean,0.2978657292587304,0.0026138336640795243,True,-0.19807544627722354,0.32395287397876654,+
TOFU_idk,unlearned,Unlearning,local_density_std,0.28697754613862336,0.0037934284438740605,True,-0.09335894047041722,0.1826482596477732,+
TOFU_idk,unlearned,Unlearning,local_density_max,0.32614689001097746,0.0009279614446160763,True,-0.12682042393710594,0.24487541064718873,+
TOFU_idk,unlearned,Unlearning,local_density_min,0.18114919293075848,0.07128297482536472,False,-0.25040469631892587,0.25808365605799766,+
TOFU_idk,unlearned,Unlearning,separability_mean,0.3119325587786227,0.001581325494023834,True,-0.11616741418781147,0.12497034216089277,+
TOFU_idk,unlearned,Unlearning,separability_std,0.06575628845152566,0.5156924065931401,False,-0.23158762544845996,0.19292555094380853,+
TOFU_idk,unlearned,Unlearning,separability_max,0.2795161794568908,0.004856716990241086,True,-0.11916684811690972,0.12317964523953384,+
TOFU_idk,unlearned,Unlearning,separability_min,0.2732389210512397,0.005948896687774155,True,-0.15452329260203695,0.1261063775975864,+
TOFU_idk,unlearned,Unlearning,centrality_mean,-0.1287667386192981,0.20167250792083566,False,-0.1993428200458381,0.16483025574536447,-
TOFU_idk,unlearned,Unlearning,centrality_std,0.35054637415582857,0.00034949215369623594,True,-0.18982891130371748,0.26153965362178255,+
TOFU_idk,unlearned,Unlearning,centrality_max,0.23297184414026767,0.019667959577658444,True,-0.2253481061574762,0.25258349830793525,+
TOFU_idk,unlearned,Unlearning,centrality_min,-0.3513434438955147,0.0003380613045079323,True,-0.2137592731074382,0.3698751459844049,-
TOFU_idk,unlearned,Unlearning,isolation_mean,,,False,-0.21467711608004958,0.1560876396423154,-
TOFU_idk,unlearned,Unlearning,isolation_std,,,False,-0.21467711608004958,0.1560876396423154,-
TOFU_idk,unlearned,Unlearning,isolation_max,,,False,-0.21467711608004958,0.1560876396423154,-
TOFU_idk,unlearned,Unlearning,isolation_min,,,False,-0.21467711608004958,0.1560876396423154,-
TOFU_idk,unlearned,Unlearning,cluster_compactness_mean,,,False,-0.21467711608004958,0.1560876396423154,-
TOFU_idk,unlearned,Unlearning,cluster_compactness_std,,,False,-0.2146771160800493,0.15608763964231542,-
TOFU_idk,unlearned,Unlearning,cluster_compactness_max,,,False,-0.21467711608004958,0.1560876396423154,-
TOFU_idk,unlearned,Unlearning,cluster_compactness_min,,,False,-0.21467711608004944,0.15608763964231528,-
TOFU_idk,unlearned,Unlearning,cross_layer_consistency_mean,0.12032181723004257,0.23309329946134155,False,-0.23540233514222195,0.15787007479272394,+
TOFU_idk,unlearned,Unlearning,cross_layer_consistency_std,-0.06769619804666775,0.5033556636999652,False,-0.2140783981622299,0.1497852389145222,-
TOFU_idk,unlearned,Unlearning,cross_layer_consistency_max,0.12032181723004257,0.23309329946134155,False,-0.23540233514222195,0.15787007479272394,+
TOFU_idk,unlearned,Unlearning,cross_layer_consistency_min,0.12032181723004257,0.23309329946134155,False,-0.23540233514222195,0.15787007479272394,+
TOFU_idk,unlearned,Steering,local_density_mean,-0.26304201131803234,0.008191226815994317,True,-0.28719383893666917,0.5377701903850359,-
TOFU_idk,unlearned,Steering,local_density_std,-0.15730770943249855,0.11804127735030712,False,-0.258761899916903,0.3514923765134281,-
TOFU_idk,unlearned,Steering,local_density_max,-0.23460580095599468,0.01880100836695825,True,-0.24461374846847095,0.41158318869947835,-
TOFU_idk,unlearned,Steering,local_density_min,-0.21794513145513214,0.029383151455510424,True,-0.30936688046212557,0.4927699780421038,-
TOFU_idk,unlearned,Steering,separability_mean,-0.2698533216084817,0.006624140587062237,True,-0.22307270179475447,0.3407342338844528,-
TOFU_idk,unlearned,Steering,separability_std,-0.019077106568303814,0.8505711502874783,False,-0.3067173405055734,0.3317561150049222,-
TOFU_idk,unlearned,Steering,separability_max,-0.20921480876498655,0.036705698198588745,True,-0.2435906911383352,0.3438343717765263,-
TOFU_idk,unlearned,Steering,separability_min,-0.2223596637625074,0.026178299453761,True,-0.27705820228081435,0.3720462893949403,-
TOFU_idk,unlearned,Steering,centrality_mean,-0.014650290324565558,0.8849724159474718,False,-0.33439188901989003,0.3151893048486896,-
TOFU_idk,unlearned,Steering,centrality_std,-0.2802645695143666,0.00473922526416996,True,-0.15716326027631528,0.2076735181607239,-
TOFU_idk,unlearned,Steering,centrality_max,-0.21086216431276283,0.03521738393787687,True,-0.321022732628608,0.4595488899698417,-
TOFU_idk,unlearned,Steering,centrality_min,0.26545980954963944,0.0076010857959589615,True,-0.1589794113562623,0.1403114193311504,+
TOFU_idk,unlearned,Steering,isolation_mean,,,False,-0.2929219649989753,0.32912806142559214,-
TOFU_idk,unlearned,Steering,isolation_std,,,False,-0.2929219649989753,0.32912806142559214,-
TOFU_idk,unlearned,Steering,isolation_max,,,False,-0.2929219649989753,0.32912806142559214,-
TOFU_idk,unlearned,Steering,isolation_min,,,False,-0.2929219649989753,0.32912806142559214,-
TOFU_idk,unlearned,Steering,cluster_compactness_mean,,,False,-0.2929219649989753,0.32912806142559214,-
TOFU_idk,unlearned,Steering,cluster_compactness_std,,,False,-0.29292196499897527,0.3291280614255921,-
TOFU_idk,unlearned,Steering,cluster_compactness_max,,,False,-0.2929219649989753,0.32912806142559214,-
TOFU_idk,unlearned,Steering,cluster_compactness_min,,,False,-0.2929219649989753,0.32912806142559214,-
TOFU_idk,unlearned,Steering,cross_layer_consistency_mean,-0.15952327695953356,0.11288753256619476,False,-0.28099054312753025,0.3551798706045765,-
TOFU_idk,unlearned,Steering,cross_layer_consistency_std,0.018957765681026313,0.8514951967868681,False,-0.31924107565223586,0.3323923292003357,+
TOFU_idk,unlearned,Steering,cross_layer_consistency_max,-0.15952327695953356,0.11288753256619476,False,-0.28099054312753025,0.3551798706045765,-
TOFU_idk,unlearned,Steering,cross_layer_consistency_min,-0.15952327695953356,0.11288753256619476,False,-0.28099054312753025,0.3551798706045765,-
TOFU_idk,unlearned,Prompt,local_density_mean,-0.22625171975802286,0.02360436615706167,True,-0.04628934128997238,0.09088996435805917,-
TOFU_idk,unlearned,Prompt,local_density_std,-0.16257132672224384,0.10608474617911343,False,-0.07182231781486499,0.12209563993639923,-
TOFU_idk,unlearned,Prompt,local_density_max,-0.21223095863522265,0.03401962136394989,True,-0.05558269671267879,0.108854641500563,-
TOFU_idk,unlearned,Prompt,local_density_min,-0.1535088368435829,0.12729857505268746,False,-0.08236243048692553,0.09218821695569612,-
TOFU_idk,unlearned,Prompt,separability_mean,-0.16480869480969718,0.10129825571964023,False,-0.07095553208019179,0.08017539676087372,-
TOFU_idk,unlearned,Prompt,separability_std,-0.0773614062577696,0.4442505067989559,False,-0.12183927504286633,0.1353453979791576,-
TOFU_idk,unlearned,Prompt,separability_max,-0.17872778399426126,0.07521317076298155,False,-0.062213485610850806,0.08264881297721262,-
TOFU_idk,unlearned,Prompt,separability_min,-0.14386663313373999,0.1532863554153347,False,-0.07874180388418964,0.07428982705846376,-
TOFU_idk,unlearned,Prompt,centrality_mean,0.07746806061971058,0.44362083211451186,False,-0.12141484326833188,0.08884937643004615,+
TOFU_idk,unlearned,Prompt,centrality_std,-0.11294512999302114,0.263210241080987,False,-0.10403755582126513,0.06318329459471246,-
TOFU_idk,unlearned,Prompt,centrality_max,-0.1490833323380291,0.13877284512699467,False,-0.07650052837116728,0.07503307498420723,-
TOFU_idk,unlearned,Prompt,centrality_min,0.08603095030664855,0.3947289797020864,False,-0.09803132772196368,0.08134674533472894,+
TOFU_idk,unlearned,Prompt,isolation_mean,,,False,-0.09475690312314526,0.08064490401563955,-
TOFU_idk,unlearned,Prompt,isolation_std,,,False,-0.09475690312314526,0.08064490401563955,-
TOFU_idk,unlearned,Prompt,isolation_max,,,False,-0.09475690312314526,0.08064490401563955,-
TOFU_idk,unlearned,Prompt,isolation_min,,,False,-0.09475690312314526,0.08064490401563955,-
TOFU_idk,unlearned,Prompt,cluster_compactness_mean,,,False,-0.09475690312314526,0.08064490401563955,-
TOFU_idk,unlearned,Prompt,cluster_compactness_std,,,False,-0.09475690312314536,0.08064490401563959,-
TOFU_idk,unlearned,Prompt,cluster_compactness_max,,,False,-0.09475690312314526,0.08064490401563955,-
TOFU_idk,unlearned,Prompt,cluster_compactness_min,,,False,-0.09475690312314536,0.08064490401563959,-
TOFU_idk,unlearned,Prompt,cross_layer_consistency_mean,-0.12431444290283103,0.2178364476175544,False,-0.07902611845154842,0.09312783952675506,-
TOFU_idk,unlearned,Prompt,cross_layer_consistency_std,-0.00900496417415465,0.929146056651238,False,-0.11989154251947057,0.08735199413068191,-
TOFU_idk,unlearned,Prompt,cross_layer_consistency_max,-0.12431444290283103,0.2178364476175544,False,-0.07902611845154842,0.09312783952675506,-
TOFU_idk,unlearned,Prompt,cross_layer_consistency_min,-0.12431444290283103,0.2178364476175544,False,-0.07902611845154842,0.09312783952675506,-
